image_id,clip_vitb32,gemini,qwen_vl,num_models_correct,num_models_incorrect
5d4bde21cf0b3a0f3f335a17,1,1,1,3,0
5d4bde23cf0b3a0f3f335a4b,0,1,1,2,1
5d4bde23cf0b3a0f3f335a51,0,0,0,0,3
5d4bde23cf0b3a0f3f335a55,1,1,1,3,0
5d4bde24cf0b3a0f3f335a5d,0,0,0,0,3
5d4bde25cf0b3a0f3f335a77,1,1,1,3,0
5d4bde25cf0b3a0f3f335a7b,1,1,1,3,0
5d4bde26cf0b3a0f3f335a89,1,1,1,3,0
5d4bde27cf0b3a0f3f335aa1,1,1,0,2,1
5d4bde27cf0b3a0f3f335aa9,1,0,0,1,2
5d4bde28cf0b3a0f3f335ab1,0,0,0,0,3
5d4bde29cf0b3a0f3f335abd,1,1,1,3,0
5d4bde29cf0b3a0f3f335ac9,0,0,0,0,3
5d4bde29cf0b3a0f3f335ad3,0,0,0,0,3
5d4bde2acf0b3a0f3f335aeb,0,1,0,1,2
5d4bde2bcf0b3a0f3f335af1,1,1,1,3,0
5d4bde2bcf0b3a0f3f335af7,0,1,1,2,1
5d4bde2bcf0b3a0f3f335b03,1,0,0,1,2
5d4bde2ccf0b3a0f3f335b0d,1,1,1,3,0
5d4bde2ecf0b3a0f3f335b3f,1,1,1,3,0
5d4bde2ecf0b3a0f3f335b45,0,0,1,1,2
5d4bde2fcf0b3a0f3f335b53,1,1,1,3,0
5d4bde2fcf0b3a0f3f335b57,0,0,0,0,3
5d4bde2fcf0b3a0f3f335b61,1,1,1,3,0
5d4bde30cf0b3a0f3f335b67,1,1,1,3,0
5d4bde30cf0b3a0f3f335b69,1,1,1,3,0
5d4bde30cf0b3a0f3f335b6d,0,1,1,2,1
5d4bde30cf0b3a0f3f335b6f,0,1,0,1,2
5d4bde35cf0b3a0f3f335bdb,0,0,0,0,3
5d4bde36cf0b3a0f3f335bf3,1,0,0,1,2
5d4bde37cf0b3a0f3f335bfd,1,1,1,3,0
5d4bde37cf0b3a0f3f335c05,0,0,0,0,3
5d4bde38cf0b3a0f3f335c19,0,0,1,1,2
5d4bde3ccf0b3a0f3f335c77,1,0,0,1,2
5d4bde3ccf0b3a0f3f335c81,0,0,1,1,2
5d4bde3ccf0b3a0f3f335c85,1,1,0,2,1
5d4bde3fcf0b3a0f3f335cbf,0,1,1,2,1
5d4bde3fcf0b3a0f3f335cc3,1,1,1,3,0
5d4bde3fcf0b3a0f3f335cc7,0,0,1,1,2
5d4bde41cf0b3a0f3f335ceb,0,0,0,0,3
5d4bde43cf0b3a0f3f335d31,0,0,0,0,3
5d4bde44cf0b3a0f3f335d3f,0,0,1,1,2
5d4bde46cf0b3a0f3f335d75,1,1,1,3,0
5d4bde47cf0b3a0f3f335d97,0,0,0,0,3
5d4bde4bcf0b3a0f3f335def,1,1,0,2,1
5d4bde4ccf0b3a0f3f335e11,1,1,1,3,0
5d4bde4dcf0b3a0f3f335e35,1,1,1,3,0
5d4bde4dcf0b3a0f3f335e37,1,1,1,3,0
5d4bde4fcf0b3a0f3f335e59,0,1,0,1,2
5d4bde4fcf0b3a0f3f335e5d,0,0,0,0,3
5d4bde50cf0b3a0f3f335e6d,1,1,1,3,0
5d4bde50cf0b3a0f3f335e79,1,1,1,3,0
5d4bde51cf0b3a0f3f335e7f,1,1,1,3,0
5d4bde51cf0b3a0f3f335e83,0,0,0,0,3
5d4bde51cf0b3a0f3f335e87,0,0,0,0,3
5d4bde51cf0b3a0f3f335e93,1,1,1,3,0
5d4bde52cf0b3a0f3f335e97,1,1,1,3,0
5d4bde52cf0b3a0f3f335e99,1,1,1,3,0
5d4bde52cf0b3a0f3f335ead,1,1,1,3,0
5d4bde53cf0b3a0f3f335eb7,1,0,0,1,2
5d4bde54cf0b3a0f3f335ec9,1,1,1,3,0
5d4bde54cf0b3a0f3f335ecf,1,0,1,2,1
5d4bde55cf0b3a0f3f335ed7,1,1,1,3,0
5d4bde56cf0b3a0f3f335eeb,1,0,0,1,2
5d4bde56cf0b3a0f3f335eef,0,1,1,2,1
5d4bde56cf0b3a0f3f335ef1,1,1,1,3,0
5d4bde56cf0b3a0f3f335ef7,0,0,0,0,3
5d4bde59cf0b3a0f3f335f31,1,1,1,3,0
5d4bde5acf0b3a0f3f335f4d,1,1,0,2,1
5d4bde5acf0b3a0f3f335f51,1,1,1,3,0
5d4bde5bcf0b3a0f3f335f63,1,1,0,2,1
5d4bde5ecf0b3a0f3f335fb3,0,1,1,2,1
5d4bde5fcf0b3a0f3f335fc9,1,1,0,2,1
5d4bde5fcf0b3a0f3f335fd7,1,1,1,3,0
5d4bde60cf0b3a0f3f335feb,1,1,1,3,0
5d4bde61cf0b3a0f3f336003,1,1,1,3,0
5d4bde6ccf0b3a0f3f3360f9,1,1,1,3,0
5d4bde6fcf0b3a0f3f336143,1,1,1,3,0
5d4bde6fcf0b3a0f3f336147,1,0,0,1,2
5d4bde70cf0b3a0f3f336157,1,1,1,3,0
5d4bde71cf0b3a0f3f336163,1,1,1,3,0
5d4bde72cf0b3a0f3f33616f,1,1,1,3,0
5d4bde73cf0b3a0f3f33618d,0,1,0,1,2
5d4bde74cf0b3a0f3f33619f,1,1,1,3,0
5d4bde75cf0b3a0f3f3361b9,1,0,0,1,2
5d4bde76cf0b3a0f3f3361c9,0,0,0,0,3
5d4bde76cf0b3a0f3f3361cd,0,0,0,0,3
5d4bde77cf0b3a0f3f3361f9,1,0,0,1,2
5d4bde78cf0b3a0f3f336213,0,0,0,0,3
5d4bde79cf0b3a0f3f33621b,1,1,1,3,0
5d4bde79cf0b3a0f3f33622f,1,1,1,3,0
5d4bde7acf0b3a0f3f336243,1,1,1,3,0
5d4bde7bcf0b3a0f3f336257,0,1,1,2,1
5d4bde7ccf0b3a0f3f336271,1,1,1,3,0
5d4bde7fcf0b3a0f3f3362c3,1,1,1,3,0
5d4bde80cf0b3a0f3f3362d7,1,1,0,2,1
5d4bde84cf0b3a0f3f33631d,1,1,1,3,0
5d4bde85cf0b3a0f3f33634b,0,0,0,0,3
5d4bde86cf0b3a0f3f33634d,0,1,0,1,2
5d4bde86cf0b3a0f3f336367,0,0,0,0,3
5d4bde87cf0b3a0f3f33636d,1,1,1,3,0
5d4bde8acf0b3a0f3f3363bd,1,1,1,3,0
5d4bde8acf0b3a0f3f3363c7,1,0,0,1,2
5d4bde8bcf0b3a0f3f3363e7,1,1,1,3,0
5d4bde8ccf0b3a0f3f3363f7,1,0,1,2,1
5d4bde8ccf0b3a0f3f3363ff,0,1,1,2,1
5d4bde8dcf0b3a0f3f33640b,1,1,1,3,0
5d4bde8dcf0b3a0f3f336415,0,1,1,2,1
5d4bde8dcf0b3a0f3f336419,1,1,1,3,0
5d4bde8ecf0b3a0f3f33642b,0,0,0,0,3
5d4bde8fcf0b3a0f3f33642d,1,0,1,2,1
5d4bde8fcf0b3a0f3f33642f,0,0,0,0,3
5d4bde90cf0b3a0f3f336445,0,0,1,1,2
5d4bde90cf0b3a0f3f33644d,1,1,1,3,0
5d4bde91cf0b3a0f3f336465,1,1,1,3,0
5d4bde91cf0b3a0f3f336475,0,0,1,1,2
5d4bde92cf0b3a0f3f33647f,1,1,1,3,0
5d4bde92cf0b3a0f3f336485,0,1,1,2,1
5d4bde92cf0b3a0f3f336487,0,0,0,0,3
5d4bde93cf0b3a0f3f336493,0,0,1,1,2
5d4bde93cf0b3a0f3f33649d,0,0,1,1,2
5d4bde94cf0b3a0f3f3364af,1,1,1,3,0
5d4bde96cf0b3a0f3f3364db,1,1,1,3,0
5d4bde9acf0b3a0f3f336547,1,1,1,3,0
5d4bde9ccf0b3a0f3f336555,1,0,1,2,1
5d4bde9ecf0b3a0f3f336597,1,1,1,3,0
5d4bdea0cf0b3a0f3f3365bd,1,1,1,3,0
5d4bdea0cf0b3a0f3f3365c5,1,1,1,3,0
5d4bdea1cf0b3a0f3f3365dd,1,1,1,3,0
5d4bdea2cf0b3a0f3f3365ef,1,0,1,2,1
5d4bdea5cf0b3a0f3f33663f,1,0,0,1,2
5d4bdea5cf0b3a0f3f336643,0,1,1,2,1
5d4bdea6cf0b3a0f3f336667,0,1,1,2,1
5d4bdea7cf0b3a0f3f336673,0,0,0,0,3
5d4bdea8cf0b3a0f3f336685,0,1,1,2,1
5d4bdeaccf0b3a0f3f3366ef,0,1,0,1,2
5d4bdeaccf0b3a0f3f3366f9,0,0,0,0,3
5d4bdeadcf0b3a0f3f336719,0,1,1,2,1
5d4bdeb9cf0b3a0f3f336795,1,1,1,3,0
5d4bdebecf0b3a0f3f336805,0,0,0,0,3
5d4bdec4cf0b3a0f3f3368a3,0,1,0,1,2
5d4bdec6cf0b3a0f3f3368df,1,1,0,2,1
5d4bdec9cf0b3a0f3f336939,1,1,1,3,0
5d4bdececf0b3a0f3f3369bf,1,1,1,3,0
5d4bdececf0b3a0f3f3369c7,1,0,0,1,2
5d4bded6cf0b3a0f3f336a8b,1,1,1,3,0
5d4bded6cf0b3a0f3f336a97,0,0,0,0,3
5d4bded7cf0b3a0f3f336aa3,0,0,0,0,3
5d4bded7cf0b3a0f3f336aab,1,1,1,3,0
5d4bded7cf0b3a0f3f336aad,0,1,0,1,2
5d4bded7cf0b3a0f3f336ab3,0,0,0,0,3
5d4bded8cf0b3a0f3f336ad5,1,1,1,3,0
5d4bded9cf0b3a0f3f336ae3,1,0,1,2,1
5d4bded9cf0b3a0f3f336aef,1,1,1,3,0
5d4bdedacf0b3a0f3f336b0d,0,0,0,0,3
5d4bdedccf0b3a0f3f336b3b,1,1,1,3,0
5d4bdedccf0b3a0f3f336b3d,0,0,1,1,2
5d4bdedccf0b3a0f3f336b4b,0,0,0,0,3
5d4bdeddcf0b3a0f3f336b51,0,0,0,0,3
5d4bdeddcf0b3a0f3f336b53,1,0,0,1,2
5d4bdeddcf0b3a0f3f336b57,0,1,1,2,1
5d4bdeddcf0b3a0f3f336b5b,0,1,1,2,1
5d4bdeddcf0b3a0f3f336b6b,1,1,1,3,0
5d4bdedecf0b3a0f3f336b6f,1,1,0,2,1
5d4bdedfcf0b3a0f3f336b8d,1,1,0,2,1
5d4bdedfcf0b3a0f3f336b93,1,1,1,3,0
5d4bdedfcf0b3a0f3f336b99,1,1,1,3,0
5d4bdee0cf0b3a0f3f336ba9,1,1,1,3,0
5d4bdee0cf0b3a0f3f336bb1,0,0,0,0,3
5d4bdee1cf0b3a0f3f336bcd,0,0,1,1,2
5d4bdee1cf0b3a0f3f336bd3,1,0,1,2,1
5d4bdee4cf0b3a0f3f336c23,0,0,0,0,3
5d4bdee4cf0b3a0f3f336c33,0,1,1,2,1
5d4bdee4cf0b3a0f3f336c37,1,0,1,2,1
5d4bdee5cf0b3a0f3f336c43,0,0,0,0,3
5d4bdee5cf0b3a0f3f336c5b,1,1,1,3,0
5d4bdee6cf0b3a0f3f336c77,0,0,0,0,3
5d4bdee7cf0b3a0f3f336c97,0,1,1,2,1
5d4bdee8cf0b3a0f3f336ca1,0,0,1,1,2
5d4bdee9cf0b3a0f3f336cc1,1,1,1,3,0
5d4bdee9cf0b3a0f3f336ccf,1,0,0,1,2
5d4bdeebcf0b3a0f3f336cf7,1,1,1,3,0
5d4bdeebcf0b3a0f3f336d0b,0,1,1,2,1
5d4bdeeecf0b3a0f3f336d53,1,1,1,3,0
5d4bdeefcf0b3a0f3f336d6f,1,1,1,3,0
5d4bdef1cf0b3a0f3f336dab,1,0,0,1,2
5d4bdef1cf0b3a0f3f336daf,0,1,1,2,1
5d4bdef1cf0b3a0f3f336dc1,1,1,1,3,0
5d4bdef2cf0b3a0f3f336dc3,0,0,1,1,2
5d4bdef2cf0b3a0f3f336dc9,1,1,1,3,0
5d4bdef2cf0b3a0f3f336dd5,0,0,0,0,3
5d4bdef3cf0b3a0f3f336ddb,0,0,0,0,3
5d4bdef3cf0b3a0f3f336de7,1,1,1,3,0
5d4bdef3cf0b3a0f3f336deb,1,1,0,2,1
5d4bdef3cf0b3a0f3f336df1,0,0,0,0,3
5d4bdef9cf0b3a0f3f336e89,0,0,0,0,3
5d4bdefbcf0b3a0f3f336eaf,1,0,1,2,1
5d4bdefbcf0b3a0f3f336eb3,0,0,0,0,3
5d4bdefbcf0b3a0f3f336eb5,0,1,1,2,1
5d4bdefccf0b3a0f3f336ecd,0,0,0,0,3
5d4bdefccf0b3a0f3f336ed1,0,0,0,0,3
5d4bdefccf0b3a0f3f336ed3,0,0,1,1,2
5d4bdefccf0b3a0f3f336ed5,1,1,1,3,0
5d4bdefdcf0b3a0f3f336ee9,1,1,1,3,0
5d4bdefecf0b3a0f3f336f01,1,0,1,2,1
5d4bdf02cf0b3a0f3f336f69,1,1,1,3,0
5d4bdf02cf0b3a0f3f336f77,1,0,0,1,2
5d4bdf03cf0b3a0f3f336f7f,1,1,1,3,0
5d4bdf03cf0b3a0f3f336f83,1,1,0,2,1
5d4bdf03cf0b3a0f3f336f95,0,0,0,0,3
5d4bdf05cf0b3a0f3f336faf,0,0,1,1,2
5d4bdf05cf0b3a0f3f336fc1,0,0,0,0,3
5d4bdf06cf0b3a0f3f336fcb,1,0,0,1,2
5d4bdf06cf0b3a0f3f336fd5,1,1,1,3,0
5d4bdf07cf0b3a0f3f336ffb,0,1,0,1,2
5d4bdf0bcf0b3a0f3f33705b,1,1,1,3,0
5d4bdf0ccf0b3a0f3f337077,0,1,1,2,1
5d4bdf0ccf0b3a0f3f33707b,1,1,1,3,0
5d4bdf13cf0b3a0f3f337113,0,1,1,2,1
5d4bdf14cf0b3a0f3f33713d,1,1,1,3,0
5d4bdf15cf0b3a0f3f337155,0,0,0,0,3
5d4bdf15cf0b3a0f3f337157,0,1,0,1,2
5d4bdf16cf0b3a0f3f337173,1,0,1,2,1
5d4bdf18cf0b3a0f3f3371bb,0,1,0,1,2
5d4bdf1bcf0b3a0f3f337213,1,1,1,3,0
5d4bdf1dcf0b3a0f3f33723b,0,0,0,0,3
5d4bdf21cf0b3a0f3f3372a7,1,1,0,2,1
5d4bdf21cf0b3a0f3f3372b1,0,0,0,0,3
5d4bdf22cf0b3a0f3f3372bd,0,0,1,1,2
5d4bdf22cf0b3a0f3f3372c5,0,0,0,0,3
5d4bdf24cf0b3a0f3f3372ef,1,1,1,3,0
5d4bdf24cf0b3a0f3f3372f1,1,1,0,2,1
5d4bdf25cf0b3a0f3f337313,0,0,0,0,3
5d4bdf25cf0b3a0f3f337317,0,0,0,0,3
5d4bdf25cf0b3a0f3f33731b,1,1,1,3,0
5d4bdf26cf0b3a0f3f337337,1,1,1,3,0
5d4bdf27cf0b3a0f3f337349,1,1,1,3,0
5d4bdf27cf0b3a0f3f33734b,0,0,0,0,3
5d4bdf28cf0b3a0f3f337371,1,1,1,3,0
5d4bdf29cf0b3a0f3f337383,0,1,0,1,2
5d4bdf29cf0b3a0f3f337387,0,1,0,1,2
5d4bdf2acf0b3a0f3f3373a5,1,1,1,3,0
5d4bdf2acf0b3a0f3f3373ad,0,1,1,2,1
5d4bdf2ccf0b3a0f3f3373db,0,0,1,1,2
5d4bdf2fcf0b3a0f3f33741f,1,0,0,1,2
5d4bdf2fcf0b3a0f3f33742d,1,1,1,3,0
5d4bdf31cf0b3a0f3f337443,1,1,0,2,1
5d4bdf32cf0b3a0f3f33745b,1,1,1,3,0
5d4bdf32cf0b3a0f3f33745d,0,0,1,1,2
5d4bdf32cf0b3a0f3f337467,0,0,0,0,3
5d4bdf35cf0b3a0f3f3374b1,1,1,1,3,0
5d4bdf37cf0b3a0f3f3374e5,1,1,1,3,0
5d4bdf39cf0b3a0f3f33751b,1,1,1,3,0
5d4bdf39cf0b3a0f3f337523,0,0,0,0,3
5d4bdf39cf0b3a0f3f337525,1,0,1,2,1
5d4bdf3acf0b3a0f3f337535,1,1,1,3,0
5d4bdf3acf0b3a0f3f33753b,1,1,0,2,1
5d4bdf3bcf0b3a0f3f337559,1,1,1,3,0
5d4bdf3bcf0b3a0f3f33755f,0,0,0,0,3
5d4bdf3ccf0b3a0f3f337569,1,1,1,3,0
5d4bdf3ccf0b3a0f3f337571,1,0,1,2,1
5d4bdf3dcf0b3a0f3f337583,1,1,1,3,0
5d4bdf40cf0b3a0f3f3375cd,1,1,1,3,0
5d4bdf40cf0b3a0f3f3375cf,1,1,1,3,0
5d4bdf40cf0b3a0f3f3375db,1,1,1,3,0
5d4bdf41cf0b3a0f3f3375e1,1,1,1,3,0
5d4bdf42cf0b3a0f3f3375fd,1,1,1,3,0
5d4bdf42cf0b3a0f3f3375ff,1,1,1,3,0
5d4bdf42cf0b3a0f3f337605,1,1,1,3,0
5d4bdf42cf0b3a0f3f337609,1,0,1,2,1
5d4bdf52cf0b3a0f3f33777f,1,1,1,3,0
5d4bdf53cf0b3a0f3f337781,1,1,1,3,0
5d4bdf53cf0b3a0f3f337783,0,0,0,0,3
5d4bdf53cf0b3a0f3f337791,0,0,0,0,3
5d4bdf5acf0b3a0f3f33782f,1,0,0,1,2
5d4bdf5fcf0b3a0f3f3378af,0,1,1,2,1
5d4bdf5fcf0b3a0f3f3378b3,0,1,1,2,1
5d4bdf60cf0b3a0f3f3378d1,1,1,1,3,0
5d4bdf61cf0b3a0f3f3378e5,0,0,1,1,2
5d4bdf64cf0b3a0f3f337921,0,0,0,0,3
5d4bdf64cf0b3a0f3f337927,1,0,0,1,2
5d4bdf64cf0b3a0f3f337929,0,1,0,1,2
5d4bdf66cf0b3a0f3f337951,1,1,0,2,1
5d4bdf67cf0b3a0f3f33796f,1,1,1,3,0
5d4bdf67cf0b3a0f3f337971,0,1,1,2,1
5d4bdf68cf0b3a0f3f337975,0,0,0,0,3
5d4bdf69cf0b3a0f3f337991,0,0,0,0,3
5d4bdf69cf0b3a0f3f33799d,1,0,1,2,1
5d4bdf69cf0b3a0f3f33799f,0,0,1,1,2
5d4bdf6bcf0b3a0f3f3379c7,1,1,1,3,0
5d4bdf6ccf0b3a0f3f3379d5,1,1,1,3,0
5d4bdf6dcf0b3a0f3f3379f3,0,1,0,1,2
5d4bdf6dcf0b3a0f3f3379fb,1,0,0,1,2
5d4bdf6fcf0b3a0f3f337a37,1,0,1,2,1
5d4bdf70cf0b3a0f3f337a41,0,0,0,0,3
5d4bdf70cf0b3a0f3f337a45,0,1,1,2,1
5d4bdf71cf0b3a0f3f337a5d,0,0,0,0,3
5d4bdf71cf0b3a0f3f337a63,0,1,0,1,2
5d4bdf72cf0b3a0f3f337a81,0,1,1,2,1
5d4bdf72cf0b3a0f3f337a85,1,0,0,1,2
5d4bdf73cf0b3a0f3f337aad,1,0,1,2,1
5d4bdf74cf0b3a0f3f337ab7,0,0,0,0,3
5d4bdf74cf0b3a0f3f337abb,0,0,0,0,3
5d4bdf74cf0b3a0f3f337ac3,0,0,0,0,3
5d4bdf74cf0b3a0f3f337ac7,1,1,1,3,0
5d4bdf75cf0b3a0f3f337ac9,0,0,0,0,3
5d4bdf75cf0b3a0f3f337ad9,1,1,1,3,0
5d4bdf76cf0b3a0f3f337afd,1,0,1,2,1
5d4bdf76cf0b3a0f3f337aff,0,0,0,0,3
5d4bdf77cf0b3a0f3f337b0b,0,0,1,1,2
5d4bdf77cf0b3a0f3f337b1b,0,0,0,0,3
5d4bdf77cf0b3a0f3f337b1f,1,0,0,1,2
5d4bdf78cf0b3a0f3f337b21,0,0,0,0,3
5d4bdf78cf0b3a0f3f337b33,0,1,1,2,1
5d4bdf78cf0b3a0f3f337b35,0,0,0,0,3
5d4bdf7bcf0b3a0f3f337b75,1,1,1,3,0
5d4bdf7bcf0b3a0f3f337b7d,1,0,0,1,2
5d4bdf7bcf0b3a0f3f337b87,1,1,1,3,0
5d4bdf7ccf0b3a0f3f337b95,1,1,1,3,0
5d4bdf7ccf0b3a0f3f337ba3,0,1,0,1,2
5d4bdf7fcf0b3a0f3f337be1,1,1,1,3,0
5d4bdf7fcf0b3a0f3f337be7,1,1,1,3,0
5d4bdf7fcf0b3a0f3f337bf3,1,0,0,1,2
5d4bdf80cf0b3a0f3f337c15,1,1,1,3,0
5d4bdf81cf0b3a0f3f337c25,0,1,1,2,1
5d4bdf81cf0b3a0f3f337c31,1,1,0,2,1
5d4bdf81cf0b3a0f3f337c37,1,1,1,3,0
5d4bdf82cf0b3a0f3f337c3f,1,1,1,3,0
5d4bdf82cf0b3a0f3f337c41,1,1,1,3,0
5d4bdf82cf0b3a0f3f337c43,1,1,0,2,1
5d4bdf83cf0b3a0f3f337c4f,0,1,1,2,1
5d4bdf83cf0b3a0f3f337c59,0,1,1,2,1
5d4bdf84cf0b3a0f3f337c71,1,0,1,2,1
5d4bdf84cf0b3a0f3f337c73,0,1,1,2,1
5d4bdf84cf0b3a0f3f337c7d,1,0,0,1,2
5d4bdf85cf0b3a0f3f337c83,0,0,0,0,3
5d4bdf85cf0b3a0f3f337c8d,1,1,1,3,0
5d4bdf85cf0b3a0f3f337c8f,0,1,1,2,1
5d4bdf85cf0b3a0f3f337c91,1,1,1,3,0
5d4bdf86cf0b3a0f3f337c99,1,0,1,2,1
5d4bdf86cf0b3a0f3f337ca9,1,1,1,3,0
5d4bdf86cf0b3a0f3f337cad,1,1,1,3,0
5d4bdf86cf0b3a0f3f337caf,1,1,1,3,0
5d4bdf87cf0b3a0f3f337cb5,0,0,0,0,3
5d4bdf87cf0b3a0f3f337cc9,1,1,1,3,0
5d4bdf87cf0b3a0f3f337ccf,1,1,1,3,0
5d4bdf88cf0b3a0f3f337cd9,1,1,1,3,0
5d4bdf88cf0b3a0f3f337cdb,1,1,1,3,0
5d4bdf88cf0b3a0f3f337ce3,1,1,1,3,0
5d4bdf88cf0b3a0f3f337ce7,1,0,1,2,1
5d4bdf8acf0b3a0f3f337d21,0,0,0,0,3
5d4bdf8bcf0b3a0f3f337d37,0,1,1,2,1
5d4bdf8ccf0b3a0f3f337d49,1,1,1,3,0
5d4bdf8dcf0b3a0f3f337d65,1,1,0,2,1
5d4bdf8dcf0b3a0f3f337d6b,1,1,1,3,0
5d4bdf8ecf0b3a0f3f337d77,0,0,0,0,3
5d4bdf8fcf0b3a0f3f337d85,1,1,1,3,0
5d4bdf8fcf0b3a0f3f337d89,0,1,1,2,1
5d4bdf93cf0b3a0f3f337de7,1,1,1,3,0
5d4bdf94cf0b3a0f3f337e07,0,0,1,1,2
5d4bdf95cf0b3a0f3f337e0d,0,1,1,2,1
5d4bdf95cf0b3a0f3f337e1f,0,0,0,0,3
5d4bdf95cf0b3a0f3f337e23,0,0,0,0,3
5d4bdf96cf0b3a0f3f337e39,1,1,1,3,0
5d4bdf96cf0b3a0f3f337e3b,1,1,1,3,0
5d4bdf96cf0b3a0f3f337e43,1,1,0,2,1
5d4bdf97cf0b3a0f3f337e49,0,0,0,0,3
5d4bdf99cf0b3a0f3f337e89,0,0,0,0,3
5d4bdf9bcf0b3a0f3f337eaf,0,1,0,1,2
5d4bdf9bcf0b3a0f3f337ebd,1,0,0,1,2
5d4bdf9bcf0b3a0f3f337ec3,0,0,0,0,3
5d4bdf9bcf0b3a0f3f337ec5,0,0,1,1,2
5d4bdf9ccf0b3a0f3f337ed3,1,0,0,1,2
5d4bdf9dcf0b3a0f3f337eef,1,1,1,3,0
5d4bdf9dcf0b3a0f3f337ef5,0,0,0,0,3
5d4bdf9ecf0b3a0f3f337f03,1,1,1,3,0
5d4bdf9ecf0b3a0f3f337f0b,1,1,1,3,0
5d4bdf9ecf0b3a0f3f337f0f,0,1,0,1,2
5d4bdf9ecf0b3a0f3f337f17,1,1,1,3,0
5d4bdf9fcf0b3a0f3f337f2f,1,0,0,1,2
5d4bdfa0cf0b3a0f3f337f47,0,0,1,1,2
5d4bdfa0cf0b3a0f3f337f53,1,0,0,1,2
5d4bdfa1cf0b3a0f3f337f5b,1,1,1,3,0
5d4bdfa4cf0b3a0f3f337f9b,0,0,0,0,3
5d4bdfa4cf0b3a0f3f337fa9,1,1,1,3,0
5d4bdfa6cf0b3a0f3f337fcd,0,1,1,2,1
5d4bdfa6cf0b3a0f3f337fcf,0,0,0,0,3
5d4bdfa6cf0b3a0f3f337fd1,0,1,1,2,1
5d4bdfa6cf0b3a0f3f337fd9,1,0,0,1,2
5d4bdfa6cf0b3a0f3f337fdb,0,0,0,0,3
5d4bdfa6cf0b3a0f3f337fdf,0,0,0,0,3
5d4bdfa7cf0b3a0f3f337fe1,0,1,1,2,1
5d4bdfa8cf0b3a0f3f337feb,1,1,1,3,0
5d4bdfa8cf0b3a0f3f337ff9,0,0,0,0,3
5d4bdfa9cf0b3a0f3f33800b,0,1,1,2,1
5d4bdfabcf0b3a0f3f338027,0,1,1,2,1
5d4bdfabcf0b3a0f3f33802f,0,0,0,0,3
5d4bdfaccf0b3a0f3f33803b,1,1,0,2,1
5d4bdfaecf0b3a0f3f33805b,1,0,0,1,2
5d4bdfaecf0b3a0f3f338065,0,0,0,0,3
5d4bdfafcf0b3a0f3f33807d,0,1,1,2,1
5d4bdfb0cf0b3a0f3f33808f,0,0,1,1,2
5d4bdfb0cf0b3a0f3f338093,1,1,1,3,0
5d4bdfb1cf0b3a0f3f338097,0,1,0,1,2
5d4bdfb1cf0b3a0f3f33809d,0,0,1,1,2
5d4bdfb2cf0b3a0f3f3380b3,1,1,1,3,0
5d4bdfb2cf0b3a0f3f3380b7,1,1,1,3,0
5d4bdfb2cf0b3a0f3f3380bd,1,1,1,3,0
5d4bdfb2cf0b3a0f3f3380bf,1,1,1,3,0
5d4bdfb3cf0b3a0f3f3380c5,0,0,0,0,3
5d4bdfb3cf0b3a0f3f3380cd,1,1,0,2,1
5d4bdfb4cf0b3a0f3f3380e3,1,1,1,3,0
5d4bdfb5cf0b3a0f3f3380f7,1,1,1,3,0
5d4bdfb5cf0b3a0f3f338101,1,1,1,3,0
5d4bdfb6cf0b3a0f3f338119,0,1,1,2,1
5d4bdfb6cf0b3a0f3f33811b,0,1,1,2,1
5d4bdfb6cf0b3a0f3f338123,1,1,1,3,0
5d4bdfb6cf0b3a0f3f338129,1,1,1,3,0
5d4bdfb7cf0b3a0f3f338137,0,0,0,0,3
5d4bdfb7cf0b3a0f3f33813b,1,1,1,3,0
5d4bdfb8cf0b3a0f3f338155,1,1,0,2,1
5d4bdfb9cf0b3a0f3f33815b,0,0,1,1,2
5d4bdfb9cf0b3a0f3f338169,0,1,0,1,2
5d4bdfb9cf0b3a0f3f33816b,1,1,1,3,0
5d4bdfbacf0b3a0f3f33816d,1,1,1,3,0
5d4bdfbacf0b3a0f3f338183,1,1,1,3,0
5d4bdfbbcf0b3a0f3f33819b,1,1,1,3,0
5d4bdfbccf0b3a0f3f3381a7,0,0,0,0,3
5d4bdfbccf0b3a0f3f3381b3,1,1,1,3,0
5d4bdfbdcf0b3a0f3f3381b7,1,1,1,3,0
5d4bdfbdcf0b3a0f3f3381bd,1,1,1,3,0
5d4bdfbecf0b3a0f3f3381d1,0,0,1,1,2
5d4bdfbecf0b3a0f3f3381d7,0,1,1,2,1
5d4bdfbfcf0b3a0f3f3381eb,0,0,0,0,3
5d4bdfc0cf0b3a0f3f33820b,1,1,1,3,0
5d4bdfc1cf0b3a0f3f338219,0,1,1,2,1
5d4bdfc1cf0b3a0f3f33821b,1,1,1,3,0
5d4bdfc1cf0b3a0f3f338221,0,0,0,0,3
5d4bdfc1cf0b3a0f3f338227,1,0,1,2,1
5d4bdfc4cf0b3a0f3f33825d,0,1,1,2,1
5d4bdfc4cf0b3a0f3f338261,1,0,1,2,1
5d4bdfc8cf0b3a0f3f3382ca,1,1,1,3,0
5d4bdfcbcf0b3a0f3f338316,0,1,0,1,2
5d4bdfcbcf0b3a0f3f33832a,0,0,0,0,3
5d4bdfcdcf0b3a0f3f33834c,1,1,1,3,0
5d4bdff1cf0b3a0f3f338752,1,1,1,3,0
5d4bdff6cf0b3a0f3f3387ee,1,1,1,3,0
5d4bdff8cf0b3a0f3f338820,1,1,1,3,0
5d4bdff8cf0b3a0f3f338828,1,0,1,2,1
5d4bdff8cf0b3a0f3f33882c,1,0,0,1,2
5d4bdff9cf0b3a0f3f338834,1,0,0,1,2
5d4bdffbcf0b3a0f3f338864,0,1,1,2,1
5d4bdffdcf0b3a0f3f338890,0,1,1,2,1
5d4bdffecf0b3a0f3f33889a,1,1,1,3,0
5d4be000cf0b3a0f3f3388c8,1,1,1,3,0
5d4be004cf0b3a0f3f33892c,1,1,1,3,0
5d4be005cf0b3a0f3f338942,1,1,1,3,0
5d4be006cf0b3a0f3f33894c,1,1,1,3,0
5d4be006cf0b3a0f3f338954,0,1,1,2,1
5d4be006cf0b3a0f3f338956,1,1,1,3,0
5d4be007cf0b3a0f3f338966,1,1,1,3,0
5d4be009cf0b3a0f3f3389a4,1,1,1,3,0
5d4be00acf0b3a0f3f3389ac,1,1,1,3,0
5d4be00acf0b3a0f3f3389b8,1,1,1,3,0
5d4be00acf0b3a0f3f3389ba,1,1,1,3,0
5d4be00ccf0b3a0f3f3389dc,1,0,0,1,2
5d4be00ccf0b3a0f3f3389e0,1,1,1,3,0
5d4be00dcf0b3a0f3f3389f6,1,1,1,3,0
5d4be00dcf0b3a0f3f3389f8,1,1,1,3,0
5d4be010cf0b3a0f3f338a2c,1,0,0,1,2
5d4be010cf0b3a0f3f338a2e,1,1,1,3,0
5d4be015cf0b3a0f3f338ab8,1,1,1,3,0
5d4be015cf0b3a0f3f338aba,1,1,1,3,0
5d4be016cf0b3a0f3f338ad0,0,1,1,2,1
5d4be01bcf0b3a0f3f338afe,1,1,1,3,0
5d4be023cf0b3a0f3f338b48,1,1,1,3,0
5d4be025cf0b3a0f3f338b6e,1,1,1,3,0
5d4be026cf0b3a0f3f338b86,1,1,1,3,0
5d4be027cf0b3a0f3f338b9a,0,0,0,0,3
5d4be027cf0b3a0f3f338b9e,1,1,1,3,0
5d4be027cf0b3a0f3f338ba4,1,1,1,3,0
5d4be027cf0b3a0f3f338bac,0,0,0,0,3
5d4be028cf0b3a0f3f338bb6,1,1,1,3,0
5d4be029cf0b3a0f3f338bc8,1,1,1,3,0
5d4be029cf0b3a0f3f338bd4,1,1,1,3,0
5d4be029cf0b3a0f3f338be0,1,1,1,3,0
5d4be029cf0b3a0f3f338be2,1,1,1,3,0
5d4be02acf0b3a0f3f338be8,1,1,0,2,1
5d4be02bcf0b3a0f3f338c02,0,0,0,0,3
5d4be02bcf0b3a0f3f338c06,1,0,0,1,2
5d4be02ccf0b3a0f3f338c20,1,1,1,3,0
5d4be02ccf0b3a0f3f338c26,1,0,1,2,1
5d4be02dcf0b3a0f3f338c3e,1,1,1,3,0
5d4be02ecf0b3a0f3f338c66,1,1,1,3,0
5d4be02fcf0b3a0f3f338c78,1,0,1,2,1
5d4be02fcf0b3a0f3f338c7e,0,0,0,0,3
5d4be031cf0b3a0f3f338c9e,0,0,0,0,3
5d4be031cf0b3a0f3f338ca8,1,1,1,3,0
5d4be032cf0b3a0f3f338cc2,1,1,1,3,0
5d4be032cf0b3a0f3f338cc4,1,0,1,2,1
5d4be032cf0b3a0f3f338cca,1,0,1,2,1
5d4be032cf0b3a0f3f338cd2,0,1,1,2,1
5d4be033cf0b3a0f3f338cd6,0,1,1,2,1
5d4be033cf0b3a0f3f338cee,1,1,1,3,0
5d4be033cf0b3a0f3f338cf0,1,0,0,1,2
5d4be035cf0b3a0f3f338d10,1,1,1,3,0
5d4be035cf0b3a0f3f338d28,1,1,1,3,0
5d4be035cf0b3a0f3f338d2a,1,1,1,3,0
5d4be036cf0b3a0f3f338d40,1,1,1,3,0
5d4be037cf0b3a0f3f338d46,1,1,1,3,0
5d4be037cf0b3a0f3f338d4a,0,1,1,2,1
5d4be037cf0b3a0f3f338d52,1,1,1,3,0
5d4be038cf0b3a0f3f338d5a,1,1,1,3,0
5d4be038cf0b3a0f3f338d72,1,1,1,3,0
5d4be038cf0b3a0f3f338d74,0,1,1,2,1
5d4be039cf0b3a0f3f338d80,1,1,1,3,0
5d4be03acf0b3a0f3f338da2,1,1,1,3,0
5d4be03ccf0b3a0f3f338ddc,1,1,1,3,0
5d4be03dcf0b3a0f3f338df4,1,1,1,3,0
5d4be03ecf0b3a0f3f338e14,1,1,1,3,0
5d4be040cf0b3a0f3f338e50,1,1,1,3,0
5d4be041cf0b3a0f3f338e56,1,1,1,3,0
5d4be042cf0b3a0f3f338e76,0,1,1,2,1
5d4be043cf0b3a0f3f338e9a,0,0,1,1,2
5d4be044cf0b3a0f3f338eb6,1,1,1,3,0
5d4be045cf0b3a0f3f338ec4,1,1,1,3,0
5d4be046cf0b3a0f3f338ede,1,0,1,2,1
5d4be047cf0b3a0f3f338f00,0,0,0,0,3
5d4be049cf0b3a0f3f338f2e,0,0,0,0,3
5d4be049cf0b3a0f3f338f36,1,0,0,1,2
5d4be04acf0b3a0f3f338f4e,1,1,1,3,0
5d4be04acf0b3a0f3f338f60,1,1,1,3,0
5d4be04acf0b3a0f3f338f66,1,1,1,3,0
5d4be04bcf0b3a0f3f338f72,1,1,1,3,0
5d4be04bcf0b3a0f3f338f7c,1,1,1,3,0
5d4be04ccf0b3a0f3f338f9c,1,1,1,3,0
5d4be04dcf0b3a0f3f338fb6,1,1,1,3,0
5d4be04dcf0b3a0f3f338fbe,1,0,1,2,1
5d4be04ecf0b3a0f3f338fd2,1,1,1,3,0
5d4be04ecf0b3a0f3f338fd4,1,1,1,3,0
5d4be04ecf0b3a0f3f338fd6,1,1,1,3,0
5d4be04fcf0b3a0f3f338fe0,0,1,1,2,1
5d4be04fcf0b3a0f3f338ff2,1,1,0,2,1
5d4be04fcf0b3a0f3f338ff6,1,1,1,3,0
5d4be04fcf0b3a0f3f338ff8,1,1,1,3,0
5d4be04fcf0b3a0f3f338ffa,1,1,1,3,0
5d4be050cf0b3a0f3f339010,1,1,1,3,0
5d4be050cf0b3a0f3f339016,0,0,0,0,3
5d4be053cf0b3a0f3f33905e,1,1,1,3,0
5d4be053cf0b3a0f3f33906c,1,1,1,3,0
5d4be054cf0b3a0f3f33907c,0,1,1,2,1
5d4be054cf0b3a0f3f339082,0,0,0,0,3
5d4be054cf0b3a0f3f339088,0,0,1,1,2
5d4be055cf0b3a0f3f33909a,1,1,1,3,0
5d4be057cf0b3a0f3f3390d6,0,1,1,2,1
5d4be057cf0b3a0f3f3390d8,1,1,1,3,0
5d4be058cf0b3a0f3f3390fa,1,1,1,3,0
5d4be059cf0b3a0f3f33910a,1,1,1,3,0
5d4be05ecf0b3a0f3f3391a2,1,1,1,3,0
5d4be05fcf0b3a0f3f3391cc,0,0,0,0,3
5d4be061cf0b3a0f3f339214,1,1,1,3,0
5d4be062cf0b3a0f3f33922c,0,1,1,2,1
5d4be063cf0b3a0f3f339232,1,0,0,1,2
5d4be063cf0b3a0f3f339234,1,1,1,3,0
5d4be064cf0b3a0f3f339250,1,1,1,3,0
5d4be064cf0b3a0f3f339264,0,0,0,0,3
5d4be068cf0b3a0f3f3392d6,1,0,0,1,2
5d4be069cf0b3a0f3f3392ec,0,1,1,2,1
5d4be06bcf0b3a0f3f33930c,0,0,0,0,3
5d4be06ccf0b3a0f3f339330,1,1,1,3,0
5d4be06dcf0b3a0f3f33935a,1,1,1,3,0
5d4be06dcf0b3a0f3f339360,1,0,1,2,1
5d4be07ecf0b3a0f3f339538,1,1,1,3,0
5d4be07fcf0b3a0f3f339560,0,0,1,1,2
5d4be080cf0b3a0f3f339587,1,1,1,3,0
5d4be081cf0b3a0f3f339599,1,1,1,3,0
5d4be087cf0b3a0f3f33965d,1,1,0,2,1
5d4be089cf0b3a0f3f339689,0,0,0,0,3
5d4be089cf0b3a0f3f33968b,0,0,0,0,3
5d4be089cf0b3a0f3f33968d,1,1,1,3,0
5d4be089cf0b3a0f3f339691,1,1,1,3,0
5d4be08acf0b3a0f3f3396a9,1,1,1,3,0
5d4be08ecf0b3a0f3f339721,0,0,1,1,2
5d4be08ecf0b3a0f3f339723,1,1,1,3,0
5d4be08fcf0b3a0f3f339737,0,0,0,0,3
5d4be08fcf0b3a0f3f339739,1,1,1,3,0
5d4be090cf0b3a0f3f339759,0,1,1,2,1
5d4be090cf0b3a0f3f33975d,0,0,0,0,3
5d4be090cf0b3a0f3f339761,1,1,1,3,0
5d4be090cf0b3a0f3f339767,1,0,1,2,1
5d4be092cf0b3a0f3f339799,1,1,1,3,0
5d4be092cf0b3a0f3f3397a3,1,1,1,3,0
5d4be092cf0b3a0f3f3397a5,1,1,1,3,0
5d4be094cf0b3a0f3f3397c5,1,0,1,2,1
5d4be094cf0b3a0f3f3397d3,1,1,1,3,0
5d4be095cf0b3a0f3f3397ed,0,1,1,2,1
5d4be095cf0b3a0f3f3397ff,1,1,1,3,0
5d4be097cf0b3a0f3f339831,1,1,1,3,0
5d4be09ecf0b3a0f3f3398ef,0,1,1,2,1
5d4be09ecf0b3a0f3f3398f1,0,0,0,0,3
5d4be09fcf0b3a0f3f33991b,1,0,0,1,2
5d4be0a1cf0b3a0f3f339961,1,1,1,3,0
5d4be0a3cf0b3a0f3f33998d,1,1,1,3,0
5d4be0a5cf0b3a0f3f3399c5,0,0,0,0,3
5d4be0a6cf0b3a0f3f3399ed,0,0,0,0,3
5d4be0a6cf0b3a0f3f3399ef,0,1,1,2,1
5d4be0a7cf0b3a0f3f3399fb,0,1,0,1,2
5d4be0a8cf0b3a0f3f339a2b,0,0,0,0,3
5d4be0aacf0b3a0f3f339a59,0,0,0,0,3
5d4be0aacf0b3a0f3f339a5d,0,0,0,0,3
5d4be0abcf0b3a0f3f339a75,0,0,0,0,3
5d4be0aecf0b3a0f3f339ad9,0,1,1,2,1
5d4be0b0cf0b3a0f3f339b05,0,0,0,0,3
5d4be0b0cf0b3a0f3f339b1b,0,1,1,2,1
5d4be0b4cf0b3a0f3f339b8d,0,1,1,2,1
5d4be0b6cf0b3a0f3f339bcb,1,1,1,3,0
5d4be0b7cf0b3a0f3f339bdb,0,1,1,2,1
5d4be0b8cf0b3a0f3f339bf5,1,1,1,3,0
5d4be0b9cf0b3a0f3f339c0f,1,0,0,1,2
5d4be0b9cf0b3a0f3f339c17,1,0,0,1,2
5d4be0bacf0b3a0f3f339c41,1,1,1,3,0
5d4be0bbcf0b3a0f3f339c53,0,1,1,2,1
5d4be0bccf0b3a0f3f339c6f,1,1,0,2,1
5d4be0c2cf0b3a0f3f339d17,1,1,1,3,0
5d4be0c2cf0b3a0f3f339d25,1,0,0,1,2
5d4be0c5cf0b3a0f3f339d69,0,0,1,1,2
5d4be0d2cf0b3a0f3f339eef,0,0,0,0,3
5d4be0d2cf0b3a0f3f339ef1,1,1,1,3,0
5d4be0d2cf0b3a0f3f339efd,1,1,1,3,0
5d4be0d3cf0b3a0f3f339f0b,1,1,1,3,0
5d4be0d4cf0b3a0f3f339f35,1,0,1,2,1
5d4be0d4cf0b3a0f3f339f3b,0,1,1,2,1
5d4be0d4cf0b3a0f3f339f41,1,1,1,3,0
5d4be0d4cf0b3a0f3f339f45,1,1,1,3,0
5d4be0d5cf0b3a0f3f339f61,0,0,0,0,3
5d4be0d6cf0b3a0f3f339f6b,1,1,1,3,0
5d4be0d7cf0b3a0f3f339f8b,1,1,1,3,0
5d4be0d8cf0b3a0f3f339fa1,0,0,1,1,2
5d4be0d8cf0b3a0f3f339fa3,0,1,0,1,2
5d4be0d8cf0b3a0f3f339fa7,1,1,1,3,0
5d4be0d8cf0b3a0f3f339fab,1,1,1,3,0
5d4be0d9cf0b3a0f3f339fc3,1,0,0,1,2
5d4be0d9cf0b3a0f3f339fd1,0,1,1,2,1
5d4be0dacf0b3a0f3f339fe7,1,1,1,3,0
5d4be0dacf0b3a0f3f339fef,1,1,1,3,0
5d4be0dbcf0b3a0f3f339fff,1,1,1,3,0
5d4be0dccf0b3a0f3f33a027,1,1,1,3,0
5d4be0dccf0b3a0f3f33a031,1,1,1,3,0
5d4be0ddcf0b3a0f3f33a035,0,0,0,0,3
5d4be0ddcf0b3a0f3f33a04b,1,0,0,1,2
5d4be0ddcf0b3a0f3f33a04f,1,0,0,1,2
5d4be0decf0b3a0f3f33a059,1,1,1,3,0
5d4be0decf0b3a0f3f33a061,0,0,0,0,3
5d4be0dfcf0b3a0f3f33a075,1,0,0,1,2
5d4be0e1cf0b3a0f3f33a0c7,1,1,1,3,0
5d4be0e3cf0b3a0f3f33a0e9,1,1,1,3,0
5d4be0e3cf0b3a0f3f33a0fb,0,0,0,0,3
5d4be0eacf0b3a0f3f33a1b9,1,1,1,3,0
5d4be0eccf0b3a0f3f33a1fd,0,0,1,1,2
5d4be0eccf0b3a0f3f33a207,1,1,1,3,0
5d4be0f1cf0b3a0f3f33a295,0,0,0,0,3
5d4be0fecf0b3a0f3f33a417,0,0,1,1,2
5d4be0ffcf0b3a0f3f33a43b,1,0,0,1,2
5d4be102cf0b3a0f3f33a493,1,0,1,2,1
5d4be103cf0b3a0f3f33a4b1,1,1,0,2,1
5d4be105cf0b3a0f3f33a4e9,1,0,1,2,1
5d4be10bcf0b3a0f3f33a5a7,0,1,1,2,1
5d4be10dcf0b3a0f3f33a5d7,0,1,1,2,1
5d4be10fcf0b3a0f3f33a60d,1,1,1,3,0
5d4be110cf0b3a0f3f33a62b,1,1,1,3,0
5d4be111cf0b3a0f3f33a641,0,0,1,1,2
5d4be112cf0b3a0f3f33a659,1,1,1,3,0
5d4be115cf0b3a0f3f33a6b7,0,0,0,0,3
5d4be115cf0b3a0f3f33a6cb,1,1,1,3,0
5d4be116cf0b3a0f3f33a6e9,1,1,1,3,0
5d4be117cf0b3a0f3f33a6f1,0,0,0,0,3
5d4be117cf0b3a0f3f33a703,1,0,0,1,2
5d4be118cf0b3a0f3f33a71f,1,0,1,2,1
5d4be11acf0b3a0f3f33a747,1,1,1,3,0
5d4be125cf0b3a0f3f33a8a7,0,1,1,2,1
5d4be126cf0b3a0f3f33a8ab,1,1,1,3,0
5d4be126cf0b3a0f3f33a8c3,1,1,1,3,0
5d4be128cf0b3a0f3f33a8ef,1,1,1,3,0
5d4be128cf0b3a0f3f33a8f3,1,1,1,3,0
5d4be12bcf0b3a0f3f33a94d,1,0,1,2,1
5d4be12ccf0b3a0f3f33a96b,1,1,1,3,0
5d4be12ccf0b3a0f3f33a971,1,1,1,3,0
5d4be12dcf0b3a0f3f33a997,0,0,1,1,2
5d4be12ecf0b3a0f3f33a9a7,1,1,0,2,1
5d4be12ecf0b3a0f3f33a9ab,0,0,1,1,2
5d4be130cf0b3a0f3f33a9ed,1,1,1,3,0
5d4be131cf0b3a0f3f33aa09,1,1,1,3,0
5d4be135cf0b3a0f3f33aa7d,1,1,1,3,0
5d4be136cf0b3a0f3f33aa95,0,0,0,0,3
5d4be137cf0b3a0f3f33aab1,0,0,0,0,3
5d4be13acf0b3a0f3f33ab0f,1,1,1,3,0
5d4be13ccf0b3a0f3f33ab4b,1,1,1,3,0
5d4be13dcf0b3a0f3f33ab77,0,1,0,1,2
5d4be13fcf0b3a0f3f33abad,1,1,1,3,0
5d4be140cf0b3a0f3f33abcd,1,1,1,3,0
5d4be14bcf0b3a0f3f33ad0b,1,1,1,3,0
5d4be14bcf0b3a0f3f33ad0f,1,1,1,3,0
5d4be14bcf0b3a0f3f33ad11,0,1,0,1,2
5d4be14bcf0b3a0f3f33ad15,1,1,1,3,0
5d4be14ccf0b3a0f3f33ad29,0,1,0,1,2
5d4be14dcf0b3a0f3f33ad41,1,1,1,3,0
5d4be150cf0b3a0f3f33ad93,1,1,1,3,0
5d4be150cf0b3a0f3f33ad9b,1,0,0,1,2
5d4be150cf0b3a0f3f33ada7,1,1,1,3,0
5d4be150cf0b3a0f3f33ada9,0,0,0,0,3
5d4be150cf0b3a0f3f33adab,1,0,0,1,2
5d4be151cf0b3a0f3f33adbb,1,1,1,3,0
5d4be152cf0b3a0f3f33add3,1,1,1,3,0
5d4be152cf0b3a0f3f33add5,0,1,1,2,1
5d4be152cf0b3a0f3f33add9,1,0,0,1,2
5d4be154cf0b3a0f3f33ae0d,0,1,0,1,2
5d4be154cf0b3a0f3f33ae17,1,1,1,3,0
5d4be154cf0b3a0f3f33ae21,1,0,1,2,1
5d4be154cf0b3a0f3f33ae23,1,0,1,2,1
5d4be158cf0b3a0f3f33ae89,1,0,1,2,1
5d4be159cf0b3a0f3f33aead,0,1,0,1,2
5d4be15bcf0b3a0f3f33aed9,0,1,0,1,2
5d4be15bcf0b3a0f3f33aedf,1,1,1,3,0
5d4be15bcf0b3a0f3f33aeed,1,1,0,2,1
5d4be15ccf0b3a0f3f33aefb,1,1,1,3,0
5d4be15ccf0b3a0f3f33af03,0,1,1,2,1
5d4be15ccf0b3a0f3f33af0d,0,0,0,0,3
5d4be15dcf0b3a0f3f33af15,1,1,1,3,0
5d4be15dcf0b3a0f3f33af17,0,1,1,2,1
5d4be15dcf0b3a0f3f33af29,1,1,1,3,0
5d4be15fcf0b3a0f3f33af65,1,1,0,2,1
5d4be160cf0b3a0f3f33af6d,0,0,0,0,3
5d4be160cf0b3a0f3f33af7d,0,1,1,2,1
5d4be160cf0b3a0f3f33af81,0,1,1,2,1
5d4be161cf0b3a0f3f33af93,0,0,1,1,2
5d4be162cf0b3a0f3f33afb9,1,1,1,3,0
5d4be166cf0b3a0f3f33b023,0,0,1,1,2
5d4be16acf0b3a0f3f33b0a9,1,1,1,3,0
5d4be16bcf0b3a0f3f33b0b7,1,1,1,3,0
5d4be16dcf0b3a0f3f33b0f5,0,0,0,0,3
5d4be16fcf0b3a0f3f33b137,0,0,0,0,3
5d4be172cf0b3a0f3f33b183,1,1,1,3,0
5d4be173cf0b3a0f3f33b1a1,1,1,1,3,0
5d4be173cf0b3a0f3f33b1a3,1,1,0,2,1
5d4be173cf0b3a0f3f33b1a9,1,1,1,3,0
5d4be174cf0b3a0f3f33b1bf,0,1,1,2,1
5d4be175cf0b3a0f3f33b1e7,1,1,1,3,0
5d4be176cf0b3a0f3f33b207,1,1,1,3,0
5d4be177cf0b3a0f3f33b21d,0,0,0,0,3
5d4be177cf0b3a0f3f33b21f,1,1,1,3,0
5d4be178cf0b3a0f3f33b23d,0,0,0,0,3
5d4be187cf0b3a0f3f33b34b,1,1,1,3,0
5d4be188cf0b3a0f3f33b34f,1,1,1,3,0
5d4be18acf0b3a0f3f33b365,0,0,0,0,3
5d4be18dcf0b3a0f3f33b3a3,1,1,1,3,0
5d4be18ecf0b3a0f3f33b3d1,1,1,0,2,1
5d4be18fcf0b3a0f3f33b3e9,1,0,0,1,2
5d4be18fcf0b3a0f3f33b3ed,0,1,1,2,1
5d4be18fcf0b3a0f3f33b3f1,1,1,1,3,0
5d4be191cf0b3a0f3f33b431,1,0,1,2,1
5d4be193cf0b3a0f3f33b459,0,0,0,0,3
5d4be193cf0b3a0f3f33b45f,1,1,1,3,0
5d4be194cf0b3a0f3f33b471,1,1,1,3,0
5d4be194cf0b3a0f3f33b485,1,1,1,3,0
5d4be195cf0b3a0f3f33b497,0,0,0,0,3
5d4be195cf0b3a0f3f33b4a3,1,1,1,3,0
5d4be195cf0b3a0f3f33b4a7,1,1,0,2,1
5d4be196cf0b3a0f3f33b4ab,0,1,1,2,1
5d4be196cf0b3a0f3f33b4bf,1,0,0,1,2
5d4be197cf0b3a0f3f33b4cd,1,1,1,3,0
5d4be198cf0b3a0f3f33b4f9,1,1,1,3,0
5d4be199cf0b3a0f3f33b50f,0,0,1,1,2
5d4be19acf0b3a0f3f33b53b,0,0,0,0,3
5d4be19ccf0b3a0f3f33b55b,0,1,1,2,1
5d4be19dcf0b3a0f3f33b579,1,0,1,2,1
5d4be19dcf0b3a0f3f33b593,1,1,1,3,0
5d4be19ecf0b3a0f3f33b5b1,0,1,1,2,1
5d4be1a1cf0b3a0f3f33b5ff,0,1,1,2,1
5d4be1a2cf0b3a0f3f33b615,0,1,1,2,1
5d4be1a2cf0b3a0f3f33b61b,1,1,1,3,0
5d4be1a2cf0b3a0f3f33b61f,0,0,0,0,3
5d4be1a3cf0b3a0f3f33b63b,1,0,0,1,2
5d4be1a3cf0b3a0f3f33b63d,1,1,1,3,0
5d4be1a4cf0b3a0f3f33b64d,0,0,0,0,3
5d4be1a4cf0b3a0f3f33b651,0,0,0,0,3
5d4be1a4cf0b3a0f3f33b663,1,1,1,3,0
5d4be1a4cf0b3a0f3f33b665,1,1,1,3,0
5d4be1a5cf0b3a0f3f33b681,1,1,1,3,0
5d4be1a6cf0b3a0f3f33b68b,0,0,0,0,3
5d4be1a7cf0b3a0f3f33b6bb,1,1,1,3,0
5d4be1a8cf0b3a0f3f33b6c5,0,1,1,2,1
5d4be1a8cf0b3a0f3f33b6d9,1,1,1,3,0
5d4be1a9cf0b3a0f3f33b6dd,1,1,1,3,0
5d4be1accf0b3a0f3f33b74f,1,1,1,3,0
5d4be1adcf0b3a0f3f33b753,1,1,1,3,0
5d4be1b0cf0b3a0f3f33b7c3,1,1,1,3,0
5d4be1b1cf0b3a0f3f33b7d9,1,0,1,2,1
5d4be1b4cf0b3a0f3f33b823,1,1,1,3,0
5d4be1b5cf0b3a0f3f33b84d,0,1,1,2,1
5d4be1b8cf0b3a0f3f33b885,1,1,1,3,0
5d4be1b8cf0b3a0f3f33b88b,0,1,1,2,1
5d4be1b8cf0b3a0f3f33b88d,0,1,1,2,1
5d4be1bacf0b3a0f3f33b8a5,0,0,0,0,3
5d4be1bbcf0b3a0f3f33b8b7,0,0,0,0,3
5d4be1bbcf0b3a0f3f33b8c9,1,1,1,3,0
5d4be1bccf0b3a0f3f33b8e7,0,1,0,1,2
5d4be1bdcf0b3a0f3f33b8f7,0,0,0,0,3
5d4be1c2cf0b3a0f3f33b963,1,1,1,3,0
5d4be1c3cf0b3a0f3f33b971,1,1,1,3,0
5d4be1c3cf0b3a0f3f33b989,0,0,0,0,3
5d4be1c4cf0b3a0f3f33b999,0,1,0,1,2
5d4be1c5cf0b3a0f3f33b99f,0,0,0,0,3
5d4be1c5cf0b3a0f3f33b9a5,0,1,1,2,1
5d4be1c9cf0b3a0f3f33b9df,1,1,1,3,0
5d4be1c9cf0b3a0f3f33b9e1,0,0,0,0,3
5d4be1c9cf0b3a0f3f33b9e3,0,0,0,0,3
5d4be1c9cf0b3a0f3f33b9f1,0,0,0,0,3
5d4be1c9cf0b3a0f3f33b9f5,0,1,1,2,1
5d4be1cacf0b3a0f3f33ba13,0,1,1,2,1
5d4be1cbcf0b3a0f3f33ba1f,0,0,0,0,3
5d4be1cdcf0b3a0f3f33ba4b,0,1,1,2,1
5d4be1d1cf0b3a0f3f33baa9,1,1,1,3,0
5d4be1d2cf0b3a0f3f33bab1,1,1,1,3,0
5d4be1d2cf0b3a0f3f33babb,0,1,1,2,1
5d4be1d4cf0b3a0f3f33badf,0,0,0,0,3
5d4be1d7cf0b3a0f3f33bb35,0,0,0,0,3
5d4be1d9cf0b3a0f3f33bb49,0,0,0,0,3
5d4be1ddcf0b3a0f3f33bbc3,0,1,1,2,1
5d4be1e0cf0b3a0f3f33bc03,1,0,1,2,1
5d4be1e1cf0b3a0f3f33bc09,1,1,1,3,0
5d4be1e4cf0b3a0f3f33bc6f,1,1,1,3,0
5d4be1e7cf0b3a0f3f33bcbd,1,0,0,1,2
5d4be1eecf0b3a0f3f33bd89,0,1,1,2,1
5d4be1efcf0b3a0f3f33bda5,1,0,0,1,2
5d4be1f1cf0b3a0f3f33bdd9,1,1,1,3,0
5d4be1f3cf0b3a0f3f33be05,0,0,0,0,3
5d4be1f7cf0b3a0f3f33be73,1,1,1,3,0
5d4be1f8cf0b3a0f3f33be8d,0,1,1,2,1
5d4be1fbcf0b3a0f3f33bed5,0,0,1,1,2
5d4be200cf0b3a0f3f33bf59,0,1,1,2,1
5d4be207cf0b3a0f3f33c023,1,0,1,2,1
5d4be225cf0b3a0f3f33c35d,1,0,0,1,2
5d4be226cf0b3a0f3f33c37d,1,1,1,3,0
5d4be228cf0b3a0f3f33c3b7,0,0,0,0,3
5d4be229cf0b3a0f3f33c3d5,1,1,1,3,0
5d4be22bcf0b3a0f3f33c403,0,1,1,2,1
5d4be22bcf0b3a0f3f33c41b,1,0,0,1,2
5d4be22ccf0b3a0f3f33c421,0,0,0,0,3
5d4be22ccf0b3a0f3f33c42f,0,1,1,2,1
5d4be22dcf0b3a0f3f33c44f,1,1,1,3,0
5d4be22fcf0b3a0f3f33c485,1,0,0,1,2
5d4be231cf0b3a0f3f33c4af,1,1,1,3,0
5d4be232cf0b3a0f3f33c4cd,0,0,0,0,3
5d4be233cf0b3a0f3f33c4e3,1,0,0,1,2
5d4be233cf0b3a0f3f33c4f1,1,1,1,3,0
5d4be233cf0b3a0f3f33c4f5,0,1,1,2,1
5d4be24fcf0b3a0f3f33c7ed,0,0,0,0,3
5d4be250cf0b3a0f3f33c7ef,1,1,1,3,0
5d4be250cf0b3a0f3f33c7fb,0,0,0,0,3
5d4be250cf0b3a0f3f33c805,1,1,1,3,0
5d4be251cf0b3a0f3f33c819,1,1,1,3,0
5d4be252cf0b3a0f3f33c841,1,1,1,3,0
5d4be254cf0b3a0f3f33c871,1,1,1,3,0
5d4be256cf0b3a0f3f33c89d,0,0,0,0,3
5d4be256cf0b3a0f3f33c89f,0,0,1,1,2
5d4be256cf0b3a0f3f33c8a5,0,1,1,2,1
5d4be258cf0b3a0f3f33c8e9,1,1,0,2,1
5d4be282cf0b3a0f3f33cd93,1,1,1,3,0
5d4be284cf0b3a0f3f33cdcb,1,1,1,3,0
5d4be285cf0b3a0f3f33cdcd,0,0,0,0,3
5d4be289cf0b3a0f3f33ce53,1,1,1,3,0
5d4be28acf0b3a0f3f33ce5d,1,1,1,3,0
5d4be28bcf0b3a0f3f33ce71,0,1,1,2,1
5d4be29ecf0b3a0f3f33d057,0,0,0,0,3
5d4be2a0cf0b3a0f3f33d08f,1,0,0,1,2
5d4be2b1cf0b3a0f3f33d22b,1,1,1,3,0
5d4be2b3cf0b3a0f3f33d253,1,0,0,1,2
5d4be2b5cf0b3a0f3f33d287,0,0,0,0,3
5d4be2bacf0b3a0f3f33d303,0,0,0,0,3
5d4be2bdcf0b3a0f3f33d343,1,1,1,3,0
5d4be2cfcf0b3a0f3f33d523,0,0,0,0,3
5d4be2d5cf0b3a0f3f33d5dd,1,1,1,3,0
5d4be2dbcf0b3a0f3f33d679,1,1,1,3,0
5d4be2dccf0b3a0f3f33d685,1,0,0,1,2
5d4be2ddcf0b3a0f3f33d6ad,1,1,1,3,0
5d4be2e5cf0b3a0f3f33d763,1,1,1,3,0
5d4be2e8cf0b3a0f3f33d787,1,0,0,1,2
5d4be2f1cf0b3a0f3f33d7d9,1,0,0,1,2
5d4be2f8cf0b3a0f3f33d84d,0,0,0,0,3
5d4be2f9cf0b3a0f3f33d869,1,0,1,2,1
5d4be2fccf0b3a0f3f33d8b1,0,0,0,0,3
5d4be2fdcf0b3a0f3f33d8cb,1,1,1,3,0
5d4be30bcf0b3a0f3f33da35,0,0,0,0,3
5d4be30ecf0b3a0f3f33da87,0,0,0,0,3
5d4be318cf0b3a0f3f33dbb3,0,1,1,2,1
5d4be31dcf0b3a0f3f33dc15,0,0,0,0,3
5d4be328cf0b3a0f3f33dd4f,1,1,1,3,0
5d4be32acf0b3a0f3f33dd75,0,0,0,0,3
5d4be32acf0b3a0f3f33dd7f,1,0,0,1,2
5d4be330cf0b3a0f3f33de15,0,0,1,1,2
5d4be337cf0b3a0f3f33dead,1,1,1,3,0
5d4be33bcf0b3a0f3f33df1b,0,0,0,0,3
5d4be33dcf0b3a0f3f33df3f,0,0,0,0,3
5d4be357cf0b3a0f3f33e1d9,1,1,1,3,0
5d4be365cf0b3a0f3f33e357,1,1,1,3,0
5d4be365cf0b3a0f3f33e35b,1,1,1,3,0
5d4be374cf0b3a0f3f33e4ed,1,1,1,3,0
5d4be37ccf0b3a0f3f33e5d5,1,1,1,3,0
5d4be37ecf0b3a0f3f33e61f,0,0,0,0,3
5d4be380cf0b3a0f3f33e64d,1,1,1,3,0
5d4be385cf0b3a0f3f33e6e3,1,1,1,3,0
5d4be385cf0b3a0f3f33e6ef,1,1,1,3,0
5d4be386cf0b3a0f3f33e6fd,0,0,1,1,2
5d4be386cf0b3a0f3f33e70b,0,0,0,0,3
5d4be389cf0b3a0f3f33e75f,1,0,1,2,1
5d4be390cf0b3a0f3f33e825,1,1,0,2,1
5d4be391cf0b3a0f3f33e843,1,1,1,3,0
5d4be391cf0b3a0f3f33e855,1,0,1,2,1
5d4be393cf0b3a0f3f33e875,0,0,0,0,3
5d4be3bdcf0b3a0f3f33ed63,0,0,0,0,3
5d4be3bdcf0b3a0f3f33ed73,0,1,1,2,1
5d4be3bfcf0b3a0f3f33ed93,1,1,1,3,0
5d4be3c0cf0b3a0f3f33edc1,1,1,1,3,0
5d4be3c0cf0b3a0f3f33edc5,1,0,0,1,2
5d4be3c0cf0b3a0f3f33edc7,1,1,1,3,0
5d4be3c0cf0b3a0f3f33edc9,0,0,0,0,3
5d4be3c1cf0b3a0f3f33edd1,0,0,0,0,3
5d4be3c2cf0b3a0f3f33edef,1,1,1,3,0
5d4be3c2cf0b3a0f3f33ee03,0,0,0,0,3
5d4be3c4cf0b3a0f3f33ee37,1,1,1,3,0
5d4be3c4cf0b3a0f3f33ee39,1,1,1,3,0
5d4be3c4cf0b3a0f3f33ee41,1,1,1,3,0
5d4be3c5cf0b3a0f3f33ee4b,1,0,0,1,2
5d4be3c5cf0b3a0f3f33ee5b,0,1,1,2,1
5d4be3c5cf0b3a0f3f33ee5f,1,0,1,2,1
5d4be3c7cf0b3a0f3f33ee83,1,1,0,2,1
5d4be3c8cf0b3a0f3f33eea5,0,0,0,0,3
5d4be3c9cf0b3a0f3f33eec9,1,0,0,1,2
5d4be3cacf0b3a0f3f33eedb,1,0,0,1,2
5d4be3cbcf0b3a0f3f33eef9,0,0,1,1,2
5d4be3cdcf0b3a0f3f33ef51,1,1,1,3,0
5d4be3cecf0b3a0f3f33ef69,1,1,1,3,0
5d4be3cecf0b3a0f3f33ef6f,1,1,1,3,0
5d4be3d0cf0b3a0f3f33ef99,1,1,1,3,0
5d4be3d1cf0b3a0f3f33efc5,1,0,0,1,2
5d4be3d2cf0b3a0f3f33efcb,1,1,1,3,0
5d4be3d5cf0b3a0f3f33f027,0,0,0,0,3
5d4be3d6cf0b3a0f3f33f041,0,1,0,1,2
5d4be3d6cf0b3a0f3f33f047,1,1,1,3,0
5d4be3d8cf0b3a0f3f33f085,0,1,1,2,1
5d4be3dccf0b3a0f3f33f10f,1,1,1,3,0
5d4be3ddcf0b3a0f3f33f117,0,1,1,2,1
5d4be3ddcf0b3a0f3f33f125,0,0,1,1,2
5d4be3decf0b3a0f3f33f13f,1,1,1,3,0
5d4be3e5cf0b3a0f3f33f217,0,0,1,1,2
5d4be3e8cf0b3a0f3f33f277,1,0,1,2,1
5d4be3ebcf0b3a0f3f33f2b7,1,0,0,1,2
5d4be3eccf0b3a0f3f33f2d7,1,1,1,3,0
5d4be3edcf0b3a0f3f33f309,1,1,1,3,0
5d4be3eecf0b3a0f3f33f30f,1,1,1,3,0
5d4be3eecf0b3a0f3f33f325,1,1,1,3,0
5d4be3efcf0b3a0f3f33f32d,1,1,1,3,0
5d4be3f0cf0b3a0f3f33f357,1,1,1,3,0
5d4be3f3cf0b3a0f3f33f3a5,0,0,0,0,3
5d4be3f9cf0b3a0f3f33f44e,1,0,0,1,2
5d4be3f9cf0b3a0f3f33f458,0,0,1,1,2
5d4be3facf0b3a0f3f33f46a,0,1,1,2,1
5d4be3facf0b3a0f3f33f470,0,0,1,1,2
5d4be3fecf0b3a0f3f33f4ec,1,1,1,3,0
5d4be3ffcf0b3a0f3f33f4f6,1,0,0,1,2
5d4be3ffcf0b3a0f3f33f500,1,0,0,1,2
5d4be401cf0b3a0f3f33f538,0,0,0,0,3
5d4be402cf0b3a0f3f33f550,1,1,1,3,0
5d4be402cf0b3a0f3f33f55c,0,1,0,1,2
5d4be403cf0b3a0f3f33f572,1,1,1,3,0
5d4be404cf0b3a0f3f33f582,1,1,1,3,0
5d4be404cf0b3a0f3f33f58a,0,0,0,0,3
5d4be405cf0b3a0f3f33f5a8,0,0,1,1,2
5d4be405cf0b3a0f3f33f5ac,0,0,1,1,2
5d4be406cf0b3a0f3f33f5c6,1,1,1,3,0
5d4be406cf0b3a0f3f33f5ca,1,1,1,3,0
5d4be406cf0b3a0f3f33f5d0,1,1,1,3,0
5d4be407cf0b3a0f3f33f5e2,1,1,1,3,0
5d4be407cf0b3a0f3f33f5e6,1,1,1,3,0
5d4be407cf0b3a0f3f33f5ec,1,1,1,3,0
5d4be409cf0b3a0f3f33f61e,0,0,0,0,3
5d4be40bcf0b3a0f3f33f660,1,0,1,2,1
5d4be40ccf0b3a0f3f33f66e,1,1,1,3,0
5d4be40dcf0b3a0f3f33f6a8,1,1,1,3,0
5d4be40ecf0b3a0f3f33f6ac,0,0,1,1,2
5d4be40fcf0b3a0f3f33f6cc,1,1,1,3,0
5d4be40fcf0b3a0f3f33f6d0,1,1,1,3,0
5d4be40fcf0b3a0f3f33f6e4,1,0,1,2,1
5d4be410cf0b3a0f3f33f6f6,0,0,0,0,3
5d4be410cf0b3a0f3f33f6fc,1,1,1,3,0
5d4be411cf0b3a0f3f33f70e,1,0,1,2,1
5d4be411cf0b3a0f3f33f714,0,1,1,2,1
5d4be412cf0b3a0f3f33f724,1,1,0,2,1
5d4be412cf0b3a0f3f33f726,1,0,1,2,1
5d4be413cf0b3a0f3f33f744,0,0,0,0,3
5d4be413cf0b3a0f3f33f756,1,0,0,1,2
5d4be415cf0b3a0f3f33f78e,1,1,1,3,0
5d4be416cf0b3a0f3f33f7b4,1,0,0,1,2
5d4be418cf0b3a0f3f33f7e4,1,1,1,3,0
5d4be41bcf0b3a0f3f33f83c,0,1,1,2,1
5d4be41ccf0b3a0f3f33f864,1,1,1,3,0
5d4be41dcf0b3a0f3f33f872,1,1,1,3,0
5d4be41dcf0b3a0f3f33f87c,1,1,1,3,0
5d4be41ecf0b3a0f3f33f88c,1,1,1,3,0
5d4be41ecf0b3a0f3f33f896,0,0,0,0,3
5d4be41ecf0b3a0f3f33f89e,1,0,0,1,2
5d4be420cf0b3a0f3f33f8da,0,1,1,2,1
5d4be420cf0b3a0f3f33f8e2,1,1,1,3,0
5d4be421cf0b3a0f3f33f8ec,0,0,0,0,3
5d4be421cf0b3a0f3f33f8f0,0,0,0,0,3
5d4be421cf0b3a0f3f33f8fa,1,1,1,3,0
5d4be422cf0b3a0f3f33f912,1,1,1,3,0
5d4be422cf0b3a0f3f33f914,1,0,0,1,2
5d4be423cf0b3a0f3f33f922,0,1,1,2,1
5d4be423cf0b3a0f3f33f928,1,1,0,2,1
5d4be424cf0b3a0f3f33f940,0,1,1,2,1
5d4be424cf0b3a0f3f33f946,1,1,1,3,0
5d4be424cf0b3a0f3f33f94a,1,1,1,3,0
5d4be424cf0b3a0f3f33f958,0,0,1,1,2
5d4be425cf0b3a0f3f33f964,1,1,1,3,0
5d4be425cf0b3a0f3f33f974,1,1,1,3,0
5d4be425cf0b3a0f3f33f97a,1,1,1,3,0
5d4be427cf0b3a0f3f33f9a8,1,0,1,2,1
5d4be42acf0b3a0f3f33f9fa,1,1,1,3,0
5d4be42bcf0b3a0f3f33fa14,1,1,1,3,0
5d4be42dcf0b3a0f3f33fa60,1,0,1,2,1
5d4be42ecf0b3a0f3f33fa6c,1,1,1,3,0
5d4be42ecf0b3a0f3f33fa7c,1,0,1,2,1
5d4be42ecf0b3a0f3f33fa82,1,1,1,3,0
5d4be4c9cf0b3a0f3f340b94,1,1,1,3,0
5d4be4c9cf0b3a0f3f340ba6,0,1,0,1,2
5d4be4cbcf0b3a0f3f340bd8,0,1,1,2,1
5d4be4cbcf0b3a0f3f340bda,0,1,0,1,2
5d4be4cbcf0b3a0f3f340be2,1,0,1,2,1
5d4be4cccf0b3a0f3f340bfa,1,0,1,2,1
5d4be4cccf0b3a0f3f340c04,0,0,0,0,3
5d4be4ddcf0b3a0f3f340dea,1,1,1,3,0
5d4be4ddcf0b3a0f3f340e00,1,0,0,1,2
5d4be4decf0b3a0f3f340e0a,0,0,0,0,3
5d4be4decf0b3a0f3f340e14,0,1,1,2,1
5d4be4dfcf0b3a0f3f340e32,1,0,1,2,1
5d4be4e1cf0b3a0f3f340e64,1,1,1,3,0
5d4be4e5cf0b3a0f3f340ee0,1,1,1,3,0
5d4be4e5cf0b3a0f3f340ee2,1,1,1,3,0
5d4be4e6cf0b3a0f3f340eee,1,1,1,3,0
5d4be4e6cf0b3a0f3f340f00,1,1,1,3,0
5d4be4e8cf0b3a0f3f340f28,1,1,1,3,0
5d4be4e8cf0b3a0f3f340f30,0,0,0,0,3
5d4be4e8cf0b3a0f3f340f32,0,1,0,1,2
5d4be4eacf0b3a0f3f340f68,1,1,1,3,0
5d4be4ebcf0b3a0f3f340f7e,1,1,1,3,0
5d4be4ebcf0b3a0f3f340f80,0,0,0,0,3
5d4be4eccf0b3a0f3f340fb2,1,1,1,3,0
5d4be535cf0b3a0f3f341812,1,0,1,2,1
5d4be535cf0b3a0f3f341814,1,1,1,3,0
5d4be535cf0b3a0f3f34181c,1,1,1,3,0
5d4be536cf0b3a0f3f341830,1,1,1,3,0
5d4be536cf0b3a0f3f341840,0,0,0,0,3
5d4be538cf0b3a0f3f341866,0,0,1,1,2
5d4be539cf0b3a0f3f341884,1,0,1,2,1
5d4be539cf0b3a0f3f341898,1,0,0,1,2
5d4be53acf0b3a0f3f3418b0,1,0,0,1,2
5d4be53ccf0b3a0f3f3418f4,0,0,1,1,2
5d4be53dcf0b3a0f3f3418fc,1,1,1,3,0
5d4be53fcf0b3a0f3f341948,0,1,1,2,1
5d4be540cf0b3a0f3f341954,0,1,0,1,2
5d4be540cf0b3a0f3f34195a,0,0,0,0,3
5d4be540cf0b3a0f3f341960,1,1,1,3,0
5d4be541cf0b3a0f3f341970,1,1,1,3,0
5d4be541cf0b3a0f3f341978,1,1,1,3,0
5d4be541cf0b3a0f3f34198c,0,1,1,2,1
5d4be543cf0b3a0f3f3419bc,1,0,0,1,2
5d4be544cf0b3a0f3f3419e0,0,0,0,0,3
5d4be545cf0b3a0f3f3419ee,1,1,1,3,0
5d4be618cf0b3a0f3f3430c7,0,0,0,0,3
5d4be619cf0b3a0f3f3430dd,0,1,1,2,1
5d4be61acf0b3a0f3f3430ef,1,1,0,2,1
5d4be61acf0b3a0f3f3430f3,1,1,1,3,0
5d4be61acf0b3a0f3f3430ff,1,0,0,1,2
5d4be61bcf0b3a0f3f343109,1,1,1,3,0
5d4be61ccf0b3a0f3f34313b,0,1,0,1,2
5d4be61ecf0b3a0f3f34315f,1,1,1,3,0
5d4be61ecf0b3a0f3f343173,1,1,1,3,0
5d4be620cf0b3a0f3f343199,0,1,1,2,1
5d4be621cf0b3a0f3f3431bd,1,0,0,1,2
5d4be622cf0b3a0f3f3431d9,1,1,0,2,1
5d4be622cf0b3a0f3f3431df,0,0,0,0,3
5d4be623cf0b3a0f3f343203,1,0,0,1,2
5d4be624cf0b3a0f3f343217,0,0,0,0,3
5d4be624cf0b3a0f3f34321b,0,0,0,0,3
5d4be625cf0b3a0f3f34322b,0,0,1,1,2
5d4be62acf0b3a0f3f3432cb,0,0,0,0,3
5d4be62ccf0b3a0f3f343303,1,1,1,3,0
5d4be62ccf0b3a0f3f34330f,0,0,0,0,3
5d4be62dcf0b3a0f3f34332d,1,1,1,3,0
5d4be62fcf0b3a0f3f343361,0,0,0,0,3
5d4be632cf0b3a0f3f3433b9,1,1,1,3,0
5d4be632cf0b3a0f3f3433c3,1,0,1,2,1
5d4be63fcf0b3a0f3f343527,0,1,1,2,1
5d4be64acf0b3a0f3f34366f,0,1,1,2,1
5d4be64dcf0b3a0f3f3436bf,0,0,0,0,3
5d4be64ecf0b3a0f3f3436e1,0,0,0,0,3
5d4be650cf0b3a0f3f34371d,0,1,1,2,1
5d4be650cf0b3a0f3f343721,0,0,0,0,3
5d4be654cf0b3a0f3f343793,1,0,0,1,2
5d4be655cf0b3a0f3f3437c9,1,1,0,2,1
5d4be657cf0b3a0f3f3437f5,1,1,1,3,0
5d4be658cf0b3a0f3f343815,1,0,1,2,1
5d4be658cf0b3a0f3f343817,0,1,1,2,1
5d4be658cf0b3a0f3f34381d,1,1,1,3,0
5d4be659cf0b3a0f3f343825,1,0,0,1,2
5d4be663cf0b3a0f3f343957,0,1,1,2,1
5d4be663cf0b3a0f3f343969,0,0,0,0,3
5d4be664cf0b3a0f3f343977,1,0,1,2,1
5d4be66ecf0b3a0f3f343a91,1,1,1,3,0
5d4be66ecf0b3a0f3f343a93,1,1,1,3,0
5d4be66ecf0b3a0f3f343a9b,1,1,1,3,0
5d4be66ecf0b3a0f3f343a9d,1,1,1,3,0
5d4be66ecf0b3a0f3f343aa9,1,1,1,3,0
5d4be66fcf0b3a0f3f343aab,1,0,0,1,2
5d4be66fcf0b3a0f3f343ab9,1,1,1,3,0
5d4be66fcf0b3a0f3f343abf,1,1,1,3,0
5d4be670cf0b3a0f3f343acd,1,1,1,3,0
5d4be670cf0b3a0f3f343ad1,1,0,1,2,1
5d4be671cf0b3a0f3f343afb,0,0,0,0,3
5d4be671cf0b3a0f3f343afd,0,0,0,0,3
5d4be672cf0b3a0f3f343b0b,1,1,1,3,0
5d4be672cf0b3a0f3f343b19,1,1,1,3,0
5d4be672cf0b3a0f3f343b1d,0,0,0,0,3
5d4be673cf0b3a0f3f343b31,1,1,1,3,0
5d4be6a5cf0b3a0f3f3440c6,1,1,1,3,0
5d4be6a5cf0b3a0f3f3440d2,0,1,0,1,2
5d4be6a7cf0b3a0f3f3440f4,1,0,0,1,2
5d4be6a8cf0b3a0f3f344120,1,1,1,3,0
5d4be6aecf0b3a0f3f3441de,1,1,1,3,0
5d4be6b2cf0b3a0f3f344254,1,0,1,2,1
5d4be6b4cf0b3a0f3f344282,0,1,0,1,2
5d4be6b5cf0b3a0f3f344296,1,1,1,3,0
5d4be6b6cf0b3a0f3f3442b0,1,1,1,3,0
5d4be6b6cf0b3a0f3f3442b6,0,1,1,2,1
5d4be6b6cf0b3a0f3f3442c8,0,1,1,2,1
5d4be6b7cf0b3a0f3f3442da,0,1,1,2,1
5d4be6b8cf0b3a0f3f344306,1,0,1,2,1
5d4be6c2cf0b3a0f3f34441a,0,0,0,0,3
5d4be6c3cf0b3a0f3f344434,0,0,0,0,3
5d4be6c4cf0b3a0f3f344464,0,0,0,0,3
5d4be6c7cf0b3a0f3f3444b4,0,0,0,0,3
5d4be6c7cf0b3a0f3f3444c0,0,0,0,0,3
5d4be6c8cf0b3a0f3f3444d2,0,0,0,0,3
5d4be6c9cf0b3a0f3f3444ea,0,0,0,0,3
5d4be6cacf0b3a0f3f344516,0,0,0,0,3
5d4be6cbcf0b3a0f3f34453a,0,0,0,0,3
5d4be6cecf0b3a0f3f344578,0,0,0,0,3
5d4be6cfcf0b3a0f3f344594,0,0,0,0,3
5d4be6d4cf0b3a0f3f34463e,1,1,1,3,0
5d4be6dacf0b3a0f3f3446d8,1,1,1,3,0
5d4be6dacf0b3a0f3f3446f0,1,1,1,3,0
5d4be6dbcf0b3a0f3f344710,1,1,1,3,0
5d4be6e5cf0b3a0f3f34482a,1,0,1,2,1
5d4be6e9cf0b3a0f3f344898,1,1,1,3,0
5d4be6f0cf0b3a0f3f344976,0,0,0,0,3
5d4be6f2cf0b3a0f3f3449ae,0,1,1,2,1
5d4be6f4cf0b3a0f3f3449f0,0,0,0,0,3
5d4be6f4cf0b3a0f3f3449f8,0,1,1,2,1
5d4be6f9cf0b3a0f3f344a76,0,1,1,2,1
5d4be6facf0b3a0f3f344a9c,1,0,0,1,2
5d4be6fbcf0b3a0f3f344acc,0,1,1,2,1
5d4be6fdcf0b3a0f3f344af8,1,1,1,3,0
5d4be6fdcf0b3a0f3f344b0c,1,1,1,3,0
5d4be6ffcf0b3a0f3f344b3e,1,1,1,3,0
5d4be704cf0b3a0f3f344bd4,1,1,1,3,0
5d4be705cf0b3a0f3f344bf0,1,0,0,1,2
5d4be705cf0b3a0f3f344bfc,1,1,1,3,0
5d4be706cf0b3a0f3f344c12,0,1,1,2,1
5d4be708cf0b3a0f3f344c42,0,0,0,0,3
5d4be709cf0b3a0f3f344c5a,0,1,1,2,1
5d4be709cf0b3a0f3f344c6c,1,1,0,2,1
5d4be70acf0b3a0f3f344c7a,1,1,1,3,0
5d4be70ccf0b3a0f3f344cc8,0,1,1,2,1
5d4be70ccf0b3a0f3f344cd0,0,0,1,1,2
5d4be70ccf0b3a0f3f344cd2,1,1,1,3,0
5d4be710cf0b3a0f3f344d3a,0,1,1,2,1
5d4be713cf0b3a0f3f344d9a,1,1,1,3,0
5d4be715cf0b3a0f3f344dda,1,1,1,3,0
5d4be716cf0b3a0f3f344df0,0,0,0,0,3
5d4be716cf0b3a0f3f344df8,1,1,0,2,1
5d4be71acf0b3a0f3f344e68,1,1,1,3,0
5d4be71ecf0b3a0f3f344ee8,1,1,1,3,0
5d4be720cf0b3a0f3f344ef2,1,1,1,3,0
5d4be722cf0b3a0f3f344f0a,1,1,1,3,0
5d4be735cf0b3a0f3f34508a,0,0,0,0,3
5d4be73bcf0b3a0f3f345146,1,1,0,2,1
5d4be73ecf0b3a0f3f34519e,0,0,0,0,3
5d4be742cf0b3a0f3f345202,1,1,1,3,0
5d4be744cf0b3a0f3f345242,1,1,1,3,0
5d4be746cf0b3a0f3f345262,0,0,1,1,2
5d4be746cf0b3a0f3f34526e,0,0,0,0,3
5d4be748cf0b3a0f3f34529e,0,1,1,2,1
5d4be74ccf0b3a0f3f345316,0,1,0,1,2
5d4be74ccf0b3a0f3f345318,1,1,1,3,0
5d4be74ccf0b3a0f3f345322,1,1,1,3,0
5d4be751cf0b3a0f3f3453ae,0,0,0,0,3
5d4be752cf0b3a0f3f3453d2,0,1,1,2,1
5d4be754cf0b3a0f3f3453f8,0,0,0,0,3
5d4be75ccf0b3a0f3f3454de,0,0,0,0,3
5d4be75fcf0b3a0f3f345532,0,0,0,0,3
5d4be75fcf0b3a0f3f345546,0,0,0,0,3
5d4be760cf0b3a0f3f345558,0,1,0,1,2
5d4be762cf0b3a0f3f345590,1,1,1,3,0
5d4be764cf0b3a0f3f3455b2,0,0,0,0,3
5d4be765cf0b3a0f3f3455ca,1,1,1,3,0
5d4be766cf0b3a0f3f345602,0,0,0,0,3
5d4be76acf0b3a0f3f345664,1,1,1,3,0
5d4be76bcf0b3a0f3f34567a,1,0,0,1,2
5d4be76ccf0b3a0f3f34569a,0,1,1,2,1
5d4be76ecf0b3a0f3f3456d6,1,0,0,1,2
5d4be771cf0b3a0f3f34572e,1,1,1,3,0
5d4be771cf0b3a0f3f345744,0,1,1,2,1
5d4be775cf0b3a0f3f3457b0,0,0,0,0,3
5d4be775cf0b3a0f3f3457bc,0,0,1,1,2
5d4be776cf0b3a0f3f3457c2,1,0,0,1,2
5d4be777cf0b3a0f3f3457f6,1,1,1,3,0
5d4be77bcf0b3a0f3f345850,1,1,1,3,0
5d4be77ccf0b3a0f3f345876,1,1,0,2,1
5d4be77ccf0b3a0f3f345880,0,0,0,0,3
5d4be77dcf0b3a0f3f34588c,0,1,1,2,1
5d4be77dcf0b3a0f3f345890,1,1,1,3,0
5d4be77fcf0b3a0f3f3458ce,1,1,0,2,1
5d4be77fcf0b3a0f3f3458d0,0,1,1,2,1
5d4be781cf0b3a0f3f34591e,1,1,1,3,0
5d4be782cf0b3a0f3f345924,0,0,0,0,3
5d4be783cf0b3a0f3f345940,0,0,1,1,2
5d4be784cf0b3a0f3f345960,0,0,0,0,3
5d4be784cf0b3a0f3f345966,1,1,1,3,0
5d4be785cf0b3a0f3f345992,0,1,1,2,1
5d4be786cf0b3a0f3f34599e,0,1,1,2,1
5d4be788cf0b3a0f3f3459da,1,0,1,2,1
5d4be78acf0b3a0f3f345a16,0,1,0,1,2
5d4be78ccf0b3a0f3f345a4c,0,1,1,2,1
5d4be78ccf0b3a0f3f345a50,0,1,0,1,2
5d4be78ccf0b3a0f3f345a52,1,1,1,3,0
5d4be78ecf0b3a0f3f345a90,0,0,0,0,3
5d4be78fcf0b3a0f3f345aa8,0,0,0,0,3
5d4be790cf0b3a0f3f345abe,1,1,1,3,0
5d4be791cf0b3a0f3f345adc,0,0,0,0,3
5d4be791cf0b3a0f3f345ae6,1,1,1,3,0
5d4be798cf0b3a0f3f345bb0,1,0,1,2,1
5d4be798cf0b3a0f3f345bba,1,1,1,3,0
5d4be799cf0b3a0f3f345bc4,0,0,0,0,3
5d4be79bcf0b3a0f3f345c12,0,1,1,2,1
5d4be79bcf0b3a0f3f345c14,0,0,0,0,3
5d4be7a0cf0b3a0f3f345c98,0,1,1,2,1
5d4be7a3cf0b3a0f3f345cf2,0,0,1,1,2
5d4be7a3cf0b3a0f3f345cf8,1,1,1,3,0
5d4be7a6cf0b3a0f3f345d54,0,1,1,2,1
5d4be7a7cf0b3a0f3f345d58,0,0,0,0,3
5d4be7a7cf0b3a0f3f345d6c,1,1,1,3,0
5d4be7afcf0b3a0f3f345e54,0,1,0,1,2
5d4be7afcf0b3a0f3f345e56,0,0,0,0,3
5d4be7b3cf0b3a0f3f345ec4,0,1,1,2,1
5d4be7b4cf0b3a0f3f345edc,1,1,1,3,0
5d4be7b7cf0b3a0f3f345f3c,0,0,0,0,3
5d4be7b8cf0b3a0f3f345f60,1,1,1,3,0
5d4be7b9cf0b3a0f3f345f6e,1,1,1,3,0
5d4be7b9cf0b3a0f3f345f7a,0,1,1,2,1
5d4be7bacf0b3a0f3f345f90,0,1,1,2,1
5d4be7e9cf0b3a0f3f346435,0,0,1,1,2
5d4be7e9cf0b3a0f3f34643f,0,1,1,2,1
5d4be7ebcf0b3a0f3f346461,0,0,0,0,3
5d4be7edcf0b3a0f3f3464b7,0,0,0,0,3
5d4be7efcf0b3a0f3f3464e7,0,0,0,0,3
5d4be7f3cf0b3a0f3f346555,1,0,0,1,2
5d4be7f4cf0b3a0f3f34656d,1,1,1,3,0
5d4be7f4cf0b3a0f3f34656f,1,0,0,1,2
5d4be7f5cf0b3a0f3f346599,1,1,1,3,0
5d4be7f6cf0b3a0f3f3465b7,1,0,1,2,1
5d4be7f8cf0b3a0f3f3465e7,1,1,1,3,0
5d4be7fbcf0b3a0f3f346655,1,0,1,2,1
5d4be7fdcf0b3a0f3f346677,1,0,0,1,2
5d4be7ffcf0b3a0f3f3466cb,0,0,0,0,3
5d4be80ccf0b3a0f3f346829,1,0,1,2,1
5d4be80fcf0b3a0f3f34687d,0,0,0,0,3
5d4be810cf0b3a0f3f34689d,0,1,0,1,2
5d4be812cf0b3a0f3f3468d7,0,0,0,0,3
5d4be816cf0b3a0f3f346947,1,0,1,2,1
5d4be817cf0b3a0f3f346959,1,1,1,3,0
5d4be817cf0b3a0f3f34695d,0,1,1,2,1
5d4be817cf0b3a0f3f34696b,1,1,1,3,0
5d4be817cf0b3a0f3f346971,0,0,0,0,3
5d4be818cf0b3a0f3f346987,0,1,1,2,1
5d4be81acf0b3a0f3f3469c5,1,1,1,3,0
5d4be81ecf0b3a0f3f346a3b,1,0,0,1,2
5d4be81fcf0b3a0f3f346a49,1,1,1,3,0
5d4be828cf0b3a0f3f346b0d,0,1,0,1,2
5d4be82ecf0b3a0f3f346bc1,0,0,1,1,2
5d4be833cf0b3a0f3f346c57,1,1,0,2,1
5d4be8b6cf0b3a0f3f347438,1,1,1,3,0
5d4be8cfcf0b3a0f3f34773a,0,0,0,0,3
5d4be8d8cf0b3a0f3f347854,1,0,0,1,2
5d4be8dacf0b3a0f3f347882,1,1,1,3,0
5d4be8dccf0b3a0f3f3478b4,1,1,1,3,0
5d4be8dccf0b3a0f3f3478b6,1,1,1,3,0
5d4be8ddcf0b3a0f3f3478e0,0,1,0,1,2
5d4be8decf0b3a0f3f3478f8,1,1,1,3,0
5d4be8decf0b3a0f3f347904,0,0,0,0,3
5d4be8dfcf0b3a0f3f347920,1,1,1,3,0
5d4be8e5cf0b3a0f3f3479dc,1,1,1,3,0
5d4be8e8cf0b3a0f3f347a22,0,1,1,2,1
5d4be8f0cf0b3a0f3f347b22,0,0,0,0,3
5d4be8f2cf0b3a0f3f347b64,0,0,1,1,2
5d4be8f3cf0b3a0f3f347b6e,0,1,1,2,1
5d4be8f3cf0b3a0f3f347b7e,1,1,1,3,0
5d4be8f4cf0b3a0f3f347b9a,1,0,1,2,1
5d4be8f7cf0b3a0f3f347be8,1,1,1,3,0
5d4be8f9cf0b3a0f3f347c2c,1,1,1,3,0
5d4be8fbcf0b3a0f3f347c5c,1,1,1,3,0
5d4be8fbcf0b3a0f3f347c5e,0,0,0,0,3
5d4be8fdcf0b3a0f3f347c92,1,0,1,2,1
5d4be901cf0b3a0f3f347d20,1,0,0,1,2
5d4be905cf0b3a0f3f347d90,1,0,1,2,1
5d4be905cf0b3a0f3f347d92,1,1,0,2,1
5d4be908cf0b3a0f3f347de6,1,1,1,3,0
5d4be911cf0b3a0f3f347efc,0,0,0,0,3
5d4be912cf0b3a0f3f347f0c,1,1,1,3,0
5d4be914cf0b3a0f3f347f54,1,1,1,3,0
5d4be915cf0b3a0f3f347f64,0,0,0,0,3
5d4be917cf0b3a0f3f347fa8,1,1,1,3,0
5d4be91bcf0b3a0f3f34800e,0,0,0,0,3
5d4be91ecf0b3a0f3f34806e,0,0,0,0,3
5d4be91ecf0b3a0f3f34807a,1,0,1,2,1
5d4be922cf0b3a0f3f3480e0,0,1,0,1,2
5d4be923cf0b3a0f3f348114,0,0,0,0,3
5d4be925cf0b3a0f3f348140,0,0,0,0,3
5d4be925cf0b3a0f3f348146,0,0,0,0,3
5d4be926cf0b3a0f3f348158,0,1,0,1,2
5d4be927cf0b3a0f3f348172,1,1,1,3,0
5d4be928cf0b3a0f3f3481a6,1,1,1,3,0
5d4be92ccf0b3a0f3f34821c,0,0,0,0,3
5d4be930cf0b3a0f3f34827e,1,1,1,3,0
5d4be93ecf0b3a0f3f348432,0,0,0,0,3
5d4be93fcf0b3a0f3f348446,1,1,1,3,0
5d4be942cf0b3a0f3f3484a4,0,1,1,2,1
5d4be942cf0b3a0f3f3484aa,0,0,0,0,3
5d4be943cf0b3a0f3f3484b2,1,1,1,3,0
5d4be946cf0b3a0f3f34851a,1,0,0,1,2
5d4be946cf0b3a0f3f348526,1,0,1,2,1
5d4be948cf0b3a0f3f34855c,0,0,0,0,3
5d4be94bcf0b3a0f3f34859e,0,1,1,2,1
5d4be94bcf0b3a0f3f3485aa,1,1,1,3,0
5d4be94fcf0b3a0f3f348630,0,0,0,0,3
5d4be951cf0b3a0f3f348654,1,1,1,3,0
5d4be95acf0b3a0f3f348772,1,1,1,3,0
5d4be95dcf0b3a0f3f3487c8,1,1,1,3,0
5d4be963cf0b3a0f3f348874,1,1,1,3,0
5d4be965cf0b3a0f3f3488a6,0,1,1,2,1
5d4be965cf0b3a0f3f3488be,1,1,1,3,0
5d4be966cf0b3a0f3f3488d6,1,0,1,2,1
5d4be967cf0b3a0f3f3488e6,0,1,1,2,1
5d4be968cf0b3a0f3f34890c,0,0,0,0,3
5d4be971cf0b3a0f3f348a1e,0,0,0,0,3
5d4be972cf0b3a0f3f348a36,0,1,0,1,2
5d4be976cf0b3a0f3f348aa0,0,0,0,0,3
5d4be977cf0b3a0f3f348aba,1,1,1,3,0
5d4be978cf0b3a0f3f348ae8,0,0,0,0,3
5d4be97ecf0b3a0f3f348b82,1,1,1,3,0
5d4be986cf0b3a0f3f348c78,1,1,1,3,0
5d4be998cf0b3a0f3f348e94,0,1,0,1,2
5d4be9adcf0b3a0f3f34911e,0,1,1,2,1
5d4be9b0cf0b3a0f3f34916e,0,0,0,0,3
5d4be9b5cf0b3a0f3f34920a,0,0,0,0,3
5d4be9b7cf0b3a0f3f349242,1,1,1,3,0
5d4be9b9cf0b3a0f3f34927c,0,0,0,0,3
5d4be9c7cf0b3a0f3f349430,1,1,1,3,0
5d4be9c9cf0b3a0f3f34945e,1,1,0,2,1
5d4be9cacf0b3a0f3f349488,1,1,0,2,1
5d4be9cfcf0b3a0f3f349514,1,1,1,3,0
5d4be9d3cf0b3a0f3f349590,1,1,1,3,0
5d4be9dacf0b3a0f3f349658,0,0,0,0,3
5d4be9dccf0b3a0f3f34969c,0,1,1,2,1
5d4be9decf0b3a0f3f3496d4,1,1,1,3,0
5d4be9decf0b3a0f3f3496e2,1,0,1,2,1
5d4be9edcf0b3a0f3f3498a6,1,1,1,3,0
5d4be9f3cf0b3a0f3f3498e4,1,1,1,3,0
5d4bea05cf0b3a0f3f349a6e,1,1,1,3,0
5d4bea0ccf0b3a0f3f349b2e,0,0,0,0,3
5d4bea0fcf0b3a0f3f349b9a,0,0,1,1,2
5d4bea21cf0b3a0f3f349da6,1,1,1,3,0
5d4bea21cf0b3a0f3f349db2,0,0,1,1,2
5d4bea2ccf0b3a0f3f349ef8,1,1,1,3,0
5d4bea3dcf0b3a0f3f34a0f0,1,0,0,1,2
5d4bea44cf0b3a0f3f34a1bc,1,1,0,2,1
5d4bea49cf0b3a0f3f34a24a,1,0,0,1,2
5d4bea4acf0b3a0f3f34a282,0,0,0,0,3
5d4bea4ecf0b3a0f3f34a2e8,1,1,1,3,0
5d4bea50cf0b3a0f3f34a31c,1,1,1,3,0
5d4bea5ccf0b3a0f3f34a480,1,1,1,3,0
5d4bea62cf0b3a0f3f34a52a,1,1,1,3,0
5d4bea64cf0b3a0f3f34a572,1,1,1,3,0
5d4bea65cf0b3a0f3f34a59c,0,0,0,0,3
5d4bea7bcf0b3a0f3f34a828,0,0,0,0,3
5d4bea81cf0b3a0f3f34a8da,0,0,0,0,3
5d4bea95cf0b3a0f3f34ab32,1,1,1,3,0
5d4bea99cf0b3a0f3f34abb4,0,0,0,0,3
5d4beabbcf0b3a0f3f34afb2,0,0,0,0,3
5d4beac2cf0b3a0f3f34b098,0,1,0,1,2
5d4beacecf0b3a0f3f34b1f2,0,0,0,0,3
5d4beae0cf0b3a0f3f34b40e,0,0,0,0,3
5d4beae2cf0b3a0f3f34b460,0,0,1,1,2
5d4beae8cf0b3a0f3f34b514,0,1,1,2,1
5d4beaf8cf0b3a0f3f34b6f0,0,0,0,0,3
5d4beb0ecf0b3a0f3f34b994,0,0,0,0,3
5d4beb77cf0b3a0f3f34c470,0,0,0,0,3
5d4beb7acf0b3a0f3f34c4b6,1,1,1,3,0
5d4beb7acf0b3a0f3f34c4bc,1,1,1,3,0
5d4beb7bcf0b3a0f3f34c4e2,0,1,1,2,1
5d4beb7bcf0b3a0f3f34c4f0,0,0,0,0,3
5d4beb7ccf0b3a0f3f34c4f8,1,1,1,3,0
5d4beb7dcf0b3a0f3f34c52a,0,0,0,0,3
5d4beb7ecf0b3a0f3f34c53c,1,0,1,2,1
5d4beb7fcf0b3a0f3f34c54e,1,1,0,2,1
5d4beb7fcf0b3a0f3f34c564,1,1,1,3,0
5d4beb80cf0b3a0f3f34c572,0,0,0,0,3
5d4beb81cf0b3a0f3f34c5a4,1,1,1,3,0
5d4beb81cf0b3a0f3f34c5a6,0,0,0,0,3
5d4beb92cf0b3a0f3f34c79a,1,1,1,3,0
5d4beb94cf0b3a0f3f34c7de,1,1,1,3,0
5d4beb95cf0b3a0f3f34c7e6,0,0,0,0,3
5d4beb96cf0b3a0f3f34c81c,1,1,1,3,0
5d4bebbbcf0b3a0f3f34cc57,0,1,1,2,1
5d4bebbccf0b3a0f3f34cc71,1,1,1,3,0
5d4bebc5cf0b3a0f3f34cd7b,1,1,1,3,0
5d4bebc7cf0b3a0f3f34cdbf,1,1,1,3,0
5d4bebcbcf0b3a0f3f34ce2d,1,1,1,3,0
5d4bebcdcf0b3a0f3f34ce63,0,0,0,0,3
5d4bebcecf0b3a0f3f34ce9d,1,1,0,2,1
5d4bebd1cf0b3a0f3f34cef7,1,1,1,3,0
5d4bebd6cf0b3a0f3f34cf89,0,0,0,0,3
5d4bebd7cf0b3a0f3f34cf9f,1,1,1,3,0
5d4bebdccf0b3a0f3f34d02f,1,1,1,3,0
5d4bebdccf0b3a0f3f34d03d,1,1,1,3,0
5d4bebddcf0b3a0f3f34d051,1,1,1,3,0
5d4bebe5cf0b3a0f3f34d151,1,1,1,3,0
5d4bebe6cf0b3a0f3f34d15b,1,1,1,3,0
5d4bebe7cf0b3a0f3f34d181,0,0,0,0,3
5d4bebe8cf0b3a0f3f34d193,1,0,0,1,2
5d4bebe9cf0b3a0f3f34d1ad,1,0,0,1,2
5d4bebf1cf0b3a0f3f34d2b9,1,1,1,3,0
5d4bebf2cf0b3a0f3f34d2cd,1,1,1,3,0
5d4bebfdcf0b3a0f3f34d40f,0,0,1,1,2
5d4bec3ccf0b3a0f3f34d93c,0,1,1,2,1
5d4bec3fcf0b3a0f3f34d996,0,0,1,1,2
5d4bec4dcf0b3a0f3f34db42,0,0,0,0,3
5d4bec51cf0b3a0f3f34dbb8,0,0,0,0,3
5d4bec55cf0b3a0f3f34dc32,0,0,0,0,3
5d4bec57cf0b3a0f3f34dc76,0,1,1,2,1
5d4bec5bcf0b3a0f3f34dcec,1,0,1,2,1
5d4bec5ccf0b3a0f3f34dcf6,1,0,1,2,1
5d4bec68cf0b3a0f3f34de08,0,0,0,0,3
5d4bec6dcf0b3a0f3f34dea2,0,1,1,2,1
5d4bec6ecf0b3a0f3f34deba,0,0,0,0,3
5d4bec71cf0b3a0f3f34df0e,0,1,1,2,1
5d4bec72cf0b3a0f3f34df2c,1,1,1,3,0
5d4bec75cf0b3a0f3f34df90,1,0,0,1,2
5d4bec75cf0b3a0f3f34df94,0,0,1,1,2
5d4bec78cf0b3a0f3f34dfb4,1,0,0,1,2
5d4bec83cf0b3a0f3f34e0e2,0,0,0,0,3
5d4bec89cf0b3a0f3f34e18e,1,0,0,1,2
5d4bec8acf0b3a0f3f34e1a0,1,1,1,3,0
5d4bec8bcf0b3a0f3f34e1d0,0,1,0,1,2
5d4bec8ecf0b3a0f3f34e226,0,0,0,0,3
5d4bec94cf0b3a0f3f34e2d4,1,1,1,3,0
5d4bec96cf0b3a0f3f34e2f6,0,0,0,0,3
5d4bec96cf0b3a0f3f34e30e,1,1,1,3,0
5d4bec9bcf0b3a0f3f34e342,0,0,0,0,3
5d4bec9ccf0b3a0f3f34e34e,0,1,0,1,2
5d4bec9dcf0b3a0f3f34e37a,0,1,0,1,2
5d4beca0cf0b3a0f3f34e3c8,0,1,0,1,2
5d4beca0cf0b3a0f3f34e3d0,0,0,0,0,3
5d4beca5cf0b3a0f3f34e464,1,1,1,3,0
5d4beca5cf0b3a0f3f34e46a,0,0,0,0,3
5d4becaacf0b3a0f3f34e4e4,1,1,1,3,0
5d4becafcf0b3a0f3f34e534,1,1,0,2,1
5d4becb2cf0b3a0f3f34e580,1,0,0,1,2
5d4becb3cf0b3a0f3f34e59a,1,0,0,1,2
5d4becb7cf0b3a0f3f34e60c,0,0,0,0,3
5d4becbbcf0b3a0f3f34e680,1,1,1,3,0
5d4becbfcf0b3a0f3f34e6e6,0,0,0,0,3
5d4becc1cf0b3a0f3f34e6f8,0,1,1,2,1
5d4becc5cf0b3a0f3f34e720,0,0,0,0,3
5d4beccacf0b3a0f3f34e74e,0,0,0,0,3
5d4becd2cf0b3a0f3f34e822,1,1,1,3,0
5d4becd3cf0b3a0f3f34e844,0,1,1,2,1
5d4becd4cf0b3a0f3f34e868,0,0,0,0,3
5d4becd5cf0b3a0f3f34e886,1,0,0,1,2
5d4becd8cf0b3a0f3f34e8d8,1,0,0,1,2
5d4becdacf0b3a0f3f34e90c,0,0,0,0,3
5d4becdacf0b3a0f3f34e922,0,0,0,0,3
5d4becdccf0b3a0f3f34e958,0,1,0,1,2
5d4becdecf0b3a0f3f34e97c,0,0,0,0,3
5d4becdfcf0b3a0f3f34e9a2,1,1,1,3,0
5d4becdfcf0b3a0f3f34e9ac,0,0,0,0,3
5d4bece1cf0b3a0f3f34e9e4,1,0,0,1,2
5d4bece7cf0b3a0f3f34eaa6,0,0,0,0,3
5d4beceacf0b3a0f3f34eafa,1,1,1,3,0
5d4becebcf0b3a0f3f34eb14,0,0,0,0,3
5d4bececcf0b3a0f3f34eb2e,0,0,0,0,3
5d4beceecf0b3a0f3f34eb66,1,0,0,1,2
5d4becf0cf0b3a0f3f34eb90,0,0,1,1,2
5d4becf2cf0b3a0f3f34ebe2,1,1,1,3,0
5d4becf6cf0b3a0f3f34ec50,1,1,1,3,0
5d4becf8cf0b3a0f3f34ec8e,1,0,1,2,1
5d4becfbcf0b3a0f3f34ecf6,0,0,0,0,3
5d4becffcf0b3a0f3f34ed72,0,0,0,0,3
5d4bed04cf0b3a0f3f34edaa,1,1,1,3,0
5d4bed05cf0b3a0f3f34edca,0,0,0,0,3
5d4bed07cf0b3a0f3f34edf8,0,0,0,0,3
5d4bed07cf0b3a0f3f34ee06,0,0,0,0,3
5d4bed0bcf0b3a0f3f34ee68,1,1,1,3,0
5d4bed0dcf0b3a0f3f34eeb4,0,1,0,1,2
5d4bed10cf0b3a0f3f34eefa,1,1,0,2,1
5d4bed10cf0b3a0f3f34ef0a,1,1,0,2,1
5d4bed12cf0b3a0f3f34ef48,1,1,1,3,0
5d4bed16cf0b3a0f3f34efa4,0,0,0,0,3
5d4bed16cf0b3a0f3f34efba,0,0,0,0,3
5d4bed20cf0b3a0f3f34f0e2,0,0,0,0,3
5d4bed20cf0b3a0f3f34f0ea,1,1,1,3,0
5d4bed21cf0b3a0f3f34f0ee,1,1,1,3,0
5d4bed21cf0b3a0f3f34f0fa,1,1,0,2,1
5d4bed21cf0b3a0f3f34f0fe,0,0,1,1,2
5d4bed23cf0b3a0f3f34f12a,0,0,0,0,3
5d4bed23cf0b3a0f3f34f130,1,1,1,3,0
5d4bed24cf0b3a0f3f34f14e,0,1,1,2,1
5d4bed2fcf0b3a0f3f34f232,1,0,1,2,1
5d4bed2fcf0b3a0f3f34f23a,0,0,0,0,3
5d4bed31cf0b3a0f3f34f278,1,1,1,3,0
5d4bed31cf0b3a0f3f34f27e,0,0,0,0,3
5d4bed32cf0b3a0f3f34f2a0,0,0,0,0,3
5d4bed33cf0b3a0f3f34f2ac,0,0,0,0,3
5d4bed34cf0b3a0f3f34f2ca,1,1,1,3,0
5d4bed34cf0b3a0f3f34f2d6,1,1,1,3,0
5d4bed35cf0b3a0f3f34f2e0,1,1,1,3,0
5d4bed35cf0b3a0f3f34f2e4,1,1,1,3,0
5d4bed35cf0b3a0f3f34f2ea,1,1,1,3,0
5d4bed3ecf0b3a0f3f34f400,1,0,1,2,1
5d4bed41cf0b3a0f3f34f456,0,1,1,2,1
5d4bed43cf0b3a0f3f34f49c,1,1,1,3,0
5d4bed45cf0b3a0f3f34f4da,0,0,0,0,3
5d4bed46cf0b3a0f3f34f4e4,1,1,0,2,1
5d4bed47cf0b3a0f3f34f50e,1,0,0,1,2
5d4bed48cf0b3a0f3f34f524,0,1,1,2,1
5d4bed49cf0b3a0f3f34f53e,1,1,1,3,0
5d4bed4bcf0b3a0f3f34f586,0,1,0,1,2
5d4bed4dcf0b3a0f3f34f5ba,1,1,1,3,0
5d4bed4ecf0b3a0f3f34f5d2,0,1,0,1,2
5d4bed51cf0b3a0f3f34f636,0,0,0,0,3
5d4bed64cf0b3a0f3f34f86a,0,0,0,0,3
5d4bed66cf0b3a0f3f34f8ba,1,0,0,1,2
5d4bed69cf0b3a0f3f34f900,0,0,0,0,3
5d4bed74cf0b3a0f3f34fa56,0,0,0,0,3
5d4bed75cf0b3a0f3f34fa6a,0,0,0,0,3
5d4bed78cf0b3a0f3f34fad8,0,0,0,0,3
5d4bed79cf0b3a0f3f34fae8,0,1,0,1,2
5d4bed7acf0b3a0f3f34faf8,1,1,1,3,0
5d4bed7bcf0b3a0f3f34fb2a,1,1,1,3,0
5d4bed7dcf0b3a0f3f34fb5a,0,1,1,2,1
5d4bed7fcf0b3a0f3f34fb98,0,0,0,0,3
5d4bed84cf0b3a0f3f34fc34,0,0,0,0,3
5d4bed85cf0b3a0f3f34fc4e,1,1,1,3,0
5d4bed8dcf0b3a0f3f34fd30,0,0,0,0,3
5d4bed8ecf0b3a0f3f34fd5a,0,1,0,1,2
5d4bed8fcf0b3a0f3f34fd76,0,0,0,0,3
5d4bed9ccf0b3a0f3f34fef0,1,1,1,3,0
5d4beda1cf0b3a0f3f34ff7e,1,1,1,3,0
5d4beda5cf0b3a0f3f34ffe6,1,1,1,3,0
5d4beda7cf0b3a0f3f350024,1,1,1,3,0
5d4beda7cf0b3a0f3f350034,1,1,1,3,0
5d4bedabcf0b3a0f3f3500ae,1,1,1,3,0
5d4bedb0cf0b3a0f3f35013a,1,1,1,3,0
5d4bedb3cf0b3a0f3f350184,1,0,0,1,2
5d4bedbdcf0b3a0f3f3502c0,0,1,1,2,1
5d4bedc0cf0b3a0f3f350326,0,1,1,2,1
5d4bedc6cf0b3a0f3f3503d4,0,0,0,0,3
5d4bedc7cf0b3a0f3f3503f2,1,1,1,3,0
5d4bedc8cf0b3a0f3f350400,0,1,1,2,1
5d4bedc8cf0b3a0f3f35040c,1,1,1,3,0
5d4bedc9cf0b3a0f3f350428,1,1,1,3,0
5d4bedcacf0b3a0f3f350434,1,1,1,3,0
5d4bedcccf0b3a0f3f35047a,1,1,1,3,0
5d4bedcccf0b3a0f3f350486,1,1,1,3,0
5d4bedcfcf0b3a0f3f3504de,1,1,1,3,0
5d4bedd4cf0b3a0f3f350560,0,0,0,0,3
5d4bedd4cf0b3a0f3f350562,1,1,1,3,0
5d4bedd5cf0b3a0f3f350578,1,0,1,2,1
5d4bedd8cf0b3a0f3f3505de,0,0,0,0,3
5d4bedd9cf0b3a0f3f3505f0,1,0,0,1,2
5d4beddbcf0b3a0f3f35062c,0,0,0,0,3
5d4bedfacf0b3a0f3f3509cc,0,0,1,1,2
5d4bedfccf0b3a0f3f350a06,0,1,1,2,1
5d4bee00cf0b3a0f3f350a88,0,1,0,1,2
5d4bee01cf0b3a0f3f350aa0,1,1,1,3,0
5d4bee04cf0b3a0f3f350b02,0,0,0,0,3
5d4bee07cf0b3a0f3f350b56,0,0,0,0,3
5d4bee08cf0b3a0f3f350b78,0,0,0,0,3
5d4bee09cf0b3a0f3f350b90,1,0,0,1,2
5d4bee0bcf0b3a0f3f350bbc,1,1,1,3,0
5d4bee0ccf0b3a0f3f350bd6,1,1,1,3,0
5d4bee10cf0b3a0f3f350c54,0,0,0,0,3
5d4bee10cf0b3a0f3f350c5e,0,1,1,2,1
5d4bee1bcf0b3a0f3f350da2,1,1,1,3,0
5d4bee1dcf0b3a0f3f350dcc,0,0,0,0,3
5d4bee1ecf0b3a0f3f350dec,0,0,0,0,3
5d4bee21cf0b3a0f3f350e40,0,0,0,0,3
5d4bee21cf0b3a0f3f350e58,1,1,1,3,0
5d4bee22cf0b3a0f3f350e6a,0,0,0,0,3
5d4bee30cf0b3a0f3f350f38,1,1,1,3,0
5d4bee33cf0b3a0f3f350f58,1,1,1,3,0
5d4bee34cf0b3a0f3f350f7e,1,1,1,3,0
5d4bee37cf0b3a0f3f350fc2,0,0,0,0,3
5d4bee37cf0b3a0f3f350fde,0,0,0,0,3
5d4bee38cf0b3a0f3f350fe2,0,1,0,1,2
5d4bee38cf0b3a0f3f350ff8,0,1,1,2,1
5d4bee39cf0b3a0f3f35100a,1,1,1,3,0
5d4bee45cf0b3a0f3f351170,1,1,1,3,0
5d4bee46cf0b3a0f3f35117e,1,1,1,3,0
5d4bee46cf0b3a0f3f351190,0,1,0,1,2
5d4bee48cf0b3a0f3f3511c2,0,0,0,0,3
5d4bee4dcf0b3a0f3f351256,0,0,0,0,3
5d4bee51cf0b3a0f3f3512bc,1,0,0,1,2
5d4bee54cf0b3a0f3f351304,1,1,1,3,0
5d4bee54cf0b3a0f3f35130a,0,0,0,0,3
5d4bee56cf0b3a0f3f35134e,0,1,0,1,2
5d4bee57cf0b3a0f3f351374,0,0,0,0,3
5d4bee5dcf0b3a0f3f351424,1,0,0,1,2
5d4bee5dcf0b3a0f3f35142a,1,1,1,3,0
5d4bee5fcf0b3a0f3f351458,0,0,0,0,3
5d4bee62cf0b3a0f3f3514b6,1,1,1,3,0
5d4bee6ccf0b3a0f3f3515e2,1,0,1,2,1
5d4bee71cf0b3a0f3f35165e,0,0,0,0,3
5d4bee72cf0b3a0f3f351692,0,1,0,1,2
5d4bee76cf0b3a0f3f351708,0,0,0,0,3
5d4bee78cf0b3a0f3f351732,1,0,1,2,1
5d4bee7acf0b3a0f3f351772,0,1,1,2,1
5d4bee7acf0b3a0f3f351776,0,0,0,0,3
5d4bee7dcf0b3a0f3f3517c6,0,1,1,2,1
5d4bee7dcf0b3a0f3f3517d2,1,0,0,1,2
5d4bee7dcf0b3a0f3f3517d4,1,0,1,2,1
5d4bee81cf0b3a0f3f35184e,0,1,1,2,1
5d4bee87cf0b3a0f3f3518f8,1,1,1,3,0
5d4bee8acf0b3a0f3f351946,0,0,0,0,3
5d4bee8ccf0b3a0f3f351988,1,1,1,3,0
5d4bee8ecf0b3a0f3f3519be,1,1,1,3,0
5d4bee8ecf0b3a0f3f3519d4,1,1,1,3,0
5d4bee92cf0b3a0f3f351a3e,0,0,0,0,3
5d4bee92cf0b3a0f3f351a40,0,1,1,2,1
5d4bee93cf0b3a0f3f351a56,0,1,1,2,1
5d4bee94cf0b3a0f3f351a76,1,1,0,2,1
5d4bee96cf0b3a0f3f351aba,0,0,0,0,3
5d4bee9acf0b3a0f3f351b24,1,0,1,2,1
5d4bee9acf0b3a0f3f351b3a,1,1,0,2,1
5d4bee9dcf0b3a0f3f351b94,1,0,1,2,1
5d4bee9ecf0b3a0f3f351ba8,0,1,1,2,1
5d4bee9fcf0b3a0f3f351bb4,1,1,1,3,0
5d4bee9fcf0b3a0f3f351bd0,0,1,0,1,2
5d4beea0cf0b3a0f3f351bd2,1,1,1,3,0
5d4beea1cf0b3a0f3f351c06,1,1,1,3,0
5d4beea2cf0b3a0f3f351c24,0,0,0,0,3
5d4beea3cf0b3a0f3f351c2e,0,0,0,0,3
5d4beea4cf0b3a0f3f351c62,0,1,1,2,1
5d4beea6cf0b3a0f3f351c88,0,0,1,1,2
5d4beeabcf0b3a0f3f351d1c,1,1,0,2,1
5d4beeaccf0b3a0f3f351d34,0,0,0,0,3
5d4beeaccf0b3a0f3f351d3c,1,1,1,3,0
5d4beeaecf0b3a0f3f351d74,0,0,0,0,3
5d4beeaecf0b3a0f3f351d7a,1,1,1,3,0
5d4beeafcf0b3a0f3f351da4,0,0,0,0,3
5d4beeb2cf0b3a0f3f351de4,0,1,0,1,2
5d4beeb3cf0b3a0f3f351df8,1,0,0,1,2
5d4beeb4cf0b3a0f3f351e16,1,1,1,3,0
5d4beeb6cf0b3a0f3f351e54,1,1,1,3,0
5d4beeb7cf0b3a0f3f351e6a,0,0,0,0,3
5d4beeb7cf0b3a0f3f351e78,0,1,1,2,1
5d4beeb9cf0b3a0f3f351eaa,0,0,0,0,3
5d4beeb9cf0b3a0f3f351eb6,1,1,1,3,0
5d4beeb9cf0b3a0f3f351eba,1,0,1,2,1
5d4beebacf0b3a0f3f351ebc,1,1,1,3,0
5d4beebdcf0b3a0f3f351f16,0,0,0,0,3
5d4beebfcf0b3a0f3f351f56,1,1,1,3,0
5d4beec4cf0b3a0f3f351fea,0,0,0,0,3
5d4beec7cf0b3a0f3f35204a,1,0,0,1,2
5d4beec8cf0b3a0f3f35207a,0,0,1,1,2
5d4beecacf0b3a0f3f3520a2,1,1,1,3,0
5d4beecacf0b3a0f3f3520a8,1,1,1,3,0
5d4beecccf0b3a0f3f3520d2,0,1,1,2,1
5d4beecdcf0b3a0f3f352102,0,1,0,1,2
5d4beececf0b3a0f3f352112,0,1,1,2,1
5d4beecfcf0b3a0f3f352130,0,1,1,2,1
5d4beecfcf0b3a0f3f352136,0,0,0,0,3
5d4beed2cf0b3a0f3f352192,0,0,0,0,3
5d4beedecf0b3a0f3f35230a,0,0,1,1,2
5d4beee1cf0b3a0f3f352354,0,0,0,0,3
5d4beee1cf0b3a0f3f352358,1,1,1,3,0
5d4beee5cf0b3a0f3f3523d2,1,1,1,3,0
5d4beee6cf0b3a0f3f3523f6,0,0,1,1,2
5d4beee7cf0b3a0f3f352404,0,0,1,1,2
5d4beee7cf0b3a0f3f35240c,0,1,1,2,1
5d4beee9cf0b3a0f3f352456,0,0,0,0,3
5d4beeeacf0b3a0f3f35246a,1,1,1,3,0
5d4beeebcf0b3a0f3f35247e,0,0,0,0,3
5d4beeeccf0b3a0f3f352496,0,0,0,0,3
5d4beeeccf0b3a0f3f35249a,0,1,1,2,1
5d4beeefcf0b3a0f3f352504,0,0,0,0,3
5d4beef1cf0b3a0f3f352532,1,0,0,1,2
5d4beef2cf0b3a0f3f35255c,0,0,1,1,2
5d4beef8cf0b3a0f3f35260e,0,1,0,1,2
5d4beef9cf0b3a0f3f352622,1,1,1,3,0
5d4beefacf0b3a0f3f352640,1,0,0,1,2
5d4beefdcf0b3a0f3f3526ae,1,1,1,3,0
5d4bef02cf0b3a0f3f35272a,0,1,1,2,1
5d4bef02cf0b3a0f3f352736,1,0,0,1,2
5d4bef05cf0b3a0f3f352794,0,0,1,1,2
5d4bef08cf0b3a0f3f3527d8,0,0,0,0,3
5d4bef08cf0b3a0f3f3527dc,0,1,0,1,2
5d4bef08cf0b3a0f3f3527f0,1,0,1,2,1
5d4bef09cf0b3a0f3f3527f6,1,0,1,2,1
5d4bef0bcf0b3a0f3f352840,0,0,0,0,3
5d4bef0ccf0b3a0f3f352856,0,0,0,0,3
5d4bef0dcf0b3a0f3f352888,1,1,1,3,0
5d4bef0ecf0b3a0f3f3528a6,0,1,1,2,1
5d4bef10cf0b3a0f3f3528c6,0,0,1,1,2
5d4bef12cf0b3a0f3f35291a,1,0,0,1,2
5d4bef13cf0b3a0f3f352934,1,1,1,3,0
5d4bef15cf0b3a0f3f35296e,1,1,1,3,0
5d4bef19cf0b3a0f3f3529de,0,1,1,2,1
5d4bef1acf0b3a0f3f352a00,1,1,1,3,0
5d4bef1dcf0b3a0f3f352a5a,0,0,1,1,2
5d4bef1dcf0b3a0f3f352a5e,0,0,0,0,3
5d4bef1ecf0b3a0f3f352a72,0,0,0,0,3
5d4bef1ecf0b3a0f3f352a78,0,0,1,1,2
5d4bef22cf0b3a0f3f352ae4,0,0,0,0,3
5d4bef23cf0b3a0f3f352b06,1,0,0,1,2
5d4bef28cf0b3a0f3f352bb2,0,0,0,0,3
5d4bef29cf0b3a0f3f352bcc,0,0,0,0,3
5d4bef2bcf0b3a0f3f352c08,0,0,0,0,3
5d4bef2ccf0b3a0f3f352c26,0,0,0,0,3
5d4bef2dcf0b3a0f3f352c4a,0,0,0,0,3
5d4bef30cf0b3a0f3f352c90,0,0,0,0,3
5d4bef30cf0b3a0f3f352c92,0,0,0,0,3
5d4bef33cf0b3a0f3f352cfc,0,0,0,0,3
5d4bef34cf0b3a0f3f352d02,0,0,0,0,3
5d4bef3bcf0b3a0f3f352dea,1,0,1,2,1
5d4bef45cf0b3a0f3f352f00,0,0,0,0,3
5d4bef4ccf0b3a0f3f352fc6,1,1,0,2,1
5d4bef4ccf0b3a0f3f352fd2,1,1,1,3,0
5d4bef4dcf0b3a0f3f352fe6,0,1,1,2,1
5d4bef4dcf0b3a0f3f352fe8,0,1,1,2,1
5d4bef4dcf0b3a0f3f352ff8,1,1,1,3,0
5d4bef50cf0b3a0f3f35304c,1,0,1,2,1
5d4bef51cf0b3a0f3f35306c,0,1,1,2,1
5d4bef54cf0b3a0f3f3530ba,0,1,1,2,1
5d4bef55cf0b3a0f3f3530dc,1,1,0,2,1
5d4bef56cf0b3a0f3f353100,0,1,1,2,1
5d4bef57cf0b3a0f3f353118,0,0,0,0,3
5d4bef57cf0b3a0f3f35311e,0,0,1,1,2
5d4bef58cf0b3a0f3f35312c,0,0,0,0,3
5d4bef58cf0b3a0f3f353130,1,0,0,1,2
5d4bef58cf0b3a0f3f353134,0,1,0,1,2
5d4bef5acf0b3a0f3f353170,1,1,1,3,0
5d4bef5acf0b3a0f3f353180,0,1,0,1,2
5d4bef5bcf0b3a0f3f353190,1,1,1,3,0
5d4bef5ccf0b3a0f3f3531b4,0,0,0,0,3
5d4bef5dcf0b3a0f3f3531c2,0,0,0,0,3
5d4bef5ecf0b3a0f3f3531dc,0,1,1,2,1
5d4bef5ecf0b3a0f3f3531e6,1,1,1,3,0
5d4bef5ecf0b3a0f3f3531f6,0,0,0,0,3
5d4bef5fcf0b3a0f3f353206,1,1,1,3,0
5d4bef60cf0b3a0f3f35321a,1,1,1,3,0
5d4bef60cf0b3a0f3f353224,0,1,1,2,1
5d4bef61cf0b3a0f3f353236,1,1,1,3,0
5d4bef63cf0b3a0f3f35328e,1,0,1,2,1
5d4bef67cf0b3a0f3f3532fa,1,1,1,3,0
5d4bef67cf0b3a0f3f353304,1,1,1,3,0
5d4bef68cf0b3a0f3f353308,1,1,1,3,0
5d4bef69cf0b3a0f3f353332,1,0,0,1,2
5d4bef6bcf0b3a0f3f353362,1,1,1,3,0
5d4bef6ecf0b3a0f3f3533ca,1,1,1,3,0
5d4bef6ecf0b3a0f3f3533d0,1,1,1,3,0
5d4bef6fcf0b3a0f3f3533f0,0,0,0,0,3
5d4bef6fcf0b3a0f3f3533f6,0,0,0,0,3
5d4bef72cf0b3a0f3f353438,0,0,1,1,2
5d4bef75cf0b3a0f3f35349c,0,0,0,0,3
5d4bef77cf0b3a0f3f3534cc,0,1,1,2,1
5d4bef77cf0b3a0f3f3534d2,1,1,1,3,0
5d4bef78cf0b3a0f3f3534e6,1,1,1,3,0
5d4bef79cf0b3a0f3f35350a,1,1,1,3,0
5d4bef7ccf0b3a0f3f353568,0,1,0,1,2
5d4bef7fcf0b3a0f3f3535d0,0,0,0,0,3
5d4bef81cf0b3a0f3f3535f6,1,1,1,3,0
5d4bef82cf0b3a0f3f35361e,0,0,0,0,3
5d4bef82cf0b3a0f3f353620,0,0,1,1,2
5d4bef83cf0b3a0f3f353632,1,0,0,1,2
5d4bef84cf0b3a0f3f353662,1,1,1,3,0
5d4bef85cf0b3a0f3f35367a,1,0,0,1,2
5d4bef85cf0b3a0f3f35367c,1,1,1,3,0
5d4bef87cf0b3a0f3f3536ba,0,1,1,2,1
5d4bef88cf0b3a0f3f3536ca,1,0,0,1,2
5d4bef89cf0b3a0f3f3536ea,0,1,1,2,1
5d4bef89cf0b3a0f3f3536ec,0,0,0,0,3
5d4bef8bcf0b3a0f3f353722,0,0,0,0,3
5d4bef8bcf0b3a0f3f353726,1,1,1,3,0
5d4bef8ccf0b3a0f3f353738,1,1,1,3,0
5d4bef8ccf0b3a0f3f353754,0,0,0,0,3
5d4bef91cf0b3a0f3f35379e,1,1,1,3,0
5d4bef93cf0b3a0f3f3537a8,1,0,0,1,2
5d4bef93cf0b3a0f3f3537b0,0,0,0,0,3
5d4bef9ccf0b3a0f3f353814,1,1,1,3,0
5d4bef9dcf0b3a0f3f353832,0,1,0,1,2
5d4bef9fcf0b3a0f3f35386e,0,1,0,1,2
5d4befa0cf0b3a0f3f353888,0,0,0,0,3
5d4befa0cf0b3a0f3f35388c,1,1,1,3,0
5d4befa0cf0b3a0f3f35389e,1,1,1,3,0
5d4befa1cf0b3a0f3f3538a6,1,1,1,3,0
5d4befa1cf0b3a0f3f3538ae,1,1,1,3,0
5d4befa1cf0b3a0f3f3538b6,0,0,0,0,3
5d4befa2cf0b3a0f3f3538ce,1,1,1,3,0
5d4befa3cf0b3a0f3f3538e2,1,1,1,3,0
5d4befa5cf0b3a0f3f353926,1,1,1,3,0
5d4befa5cf0b3a0f3f353930,1,0,1,2,1
5d4befa5cf0b3a0f3f353934,1,1,1,3,0
5d4befa5cf0b3a0f3f353936,1,1,1,3,0
5d4befa6cf0b3a0f3f353944,0,1,0,1,2
5d4befa6cf0b3a0f3f353946,0,0,0,0,3
5d4befa6cf0b3a0f3f353950,1,1,1,3,0
5d4befa8cf0b3a0f3f353976,1,0,1,2,1
5d4befa8cf0b3a0f3f353988,1,0,1,2,1
5d4befaacf0b3a0f3f3539b4,0,0,0,0,3
5d4befabcf0b3a0f3f3539ce,1,1,1,3,0
5d4befabcf0b3a0f3f3539d8,1,1,1,3,0
5d4befb2cf0b3a0f3f353ab6,0,0,0,0,3
5d4befb3cf0b3a0f3f353acc,0,0,0,0,3
5d4befb5cf0b3a0f3f353b00,1,1,1,3,0
5d4befb6cf0b3a0f3f353b20,0,0,0,0,3
5d4befc1cf0b3a0f3f353c5c,0,0,0,0,3
5d4befc3cf0b3a0f3f353ca2,0,1,1,2,1
5d4befc5cf0b3a0f3f353ce2,0,0,0,0,3
5d4befc7cf0b3a0f3f353d16,0,0,0,0,3
5d4befcbcf0b3a0f3f353d9e,1,1,1,3,0
5d4befcdcf0b3a0f3f353dc4,1,1,1,3,0
5d4befcfcf0b3a0f3f353e18,0,0,0,0,3
5d4befd0cf0b3a0f3f353e38,0,0,0,0,3
5d4befd3cf0b3a0f3f353e82,1,1,1,3,0
5d4befd6cf0b3a0f3f353ed2,1,1,0,2,1
5d4befd6cf0b3a0f3f353ee0,0,0,0,0,3
5d4befd8cf0b3a0f3f353f24,0,0,0,0,3
5d4befd9cf0b3a0f3f353f32,0,0,0,0,3
5d4befdacf0b3a0f3f353f5a,0,0,1,1,2
5d4befdacf0b3a0f3f353f64,0,0,0,0,3
5d4befdbcf0b3a0f3f353f76,0,0,0,0,3
5d4befdbcf0b3a0f3f353f80,0,0,1,1,2
5d4befdccf0b3a0f3f353f8c,1,1,1,3,0
5d4befe1cf0b3a0f3f353fc0,0,1,1,2,1
5d4befeccf0b3a0f3f3540f4,1,1,1,3,0
5d4befedcf0b3a0f3f35411c,0,0,0,0,3
5d4befedcf0b3a0f3f354124,0,1,0,1,2
5d4befefcf0b3a0f3f354158,0,0,0,0,3
5d4beff3cf0b3a0f3f3541de,0,0,0,0,3
5d4beff8cf0b3a0f3f35425e,0,0,1,1,2
5d4beff8cf0b3a0f3f354260,1,0,0,1,2
5d4beffccf0b3a0f3f3542d0,0,0,0,0,3
5d4befffcf0b3a0f3f35433e,0,0,0,0,3
5d4bf004cf0b3a0f3f3543d6,0,0,0,0,3
5d4bf006cf0b3a0f3f354400,0,0,0,0,3
5d4bf007cf0b3a0f3f354424,0,0,0,0,3
5d4bf00bcf0b3a0f3f354494,0,0,0,0,3
5d4bf00bcf0b3a0f3f35449c,0,0,0,0,3
5d4bf00ccf0b3a0f3f3544c2,0,0,0,0,3
5d4bf00fcf0b3a0f3f354504,0,0,0,0,3
5d4bf00fcf0b3a0f3f354516,0,0,0,0,3
5d4bf013cf0b3a0f3f354584,0,0,0,0,3
5d4bf015cf0b3a0f3f3545ba,0,0,0,0,3
5d4bf017cf0b3a0f3f3545ea,0,0,0,0,3
5d4bf019cf0b3a0f3f354620,0,0,1,1,2
5d4bf019cf0b3a0f3f354628,0,1,1,2,1
5d4bf01acf0b3a0f3f35463a,0,0,0,0,3
5d4bf01bcf0b3a0f3f354660,0,0,0,0,3
5d4bf01ccf0b3a0f3f354676,1,0,1,2,1
5d4bf01dcf0b3a0f3f35469a,0,0,0,0,3
5d4bf01ecf0b3a0f3f3546b8,0,1,1,2,1
5d4bf020cf0b3a0f3f3546ec,0,1,1,2,1
5d4bf020cf0b3a0f3f3546ee,1,1,1,3,0
5d4bf021cf0b3a0f3f3546fc,0,0,0,0,3
5d4bf021cf0b3a0f3f354708,0,1,1,2,1
5d4bf024cf0b3a0f3f354750,0,0,0,0,3
5d4bf028cf0b3a0f3f354766,0,0,0,0,3
5d4bf02bcf0b3a0f3f3547ce,0,0,0,0,3
5d4bf02dcf0b3a0f3f3547fa,0,0,0,0,3
5d4bf02dcf0b3a0f3f354808,1,1,1,3,0
5d4bf02ecf0b3a0f3f354826,0,0,0,0,3
5d4bf02fcf0b3a0f3f354842,1,1,1,3,0
5d4bf030cf0b3a0f3f35485a,0,0,0,0,3
5d4bf031cf0b3a0f3f35488c,0,0,0,0,3
5d4bf034cf0b3a0f3f3548e2,0,0,0,0,3
5d4bf036cf0b3a0f3f354916,0,0,0,0,3
5d4bf036cf0b3a0f3f354920,0,1,1,2,1
5d4bf037cf0b3a0f3f354936,1,1,1,3,0
5d4bf037cf0b3a0f3f35493e,0,0,0,0,3
5d4bf037cf0b3a0f3f354942,0,0,0,0,3
5d4bf03acf0b3a0f3f354952,1,1,1,3,0
5d4bf03dcf0b3a0f3f354980,1,1,1,3,0
5d4bf03fcf0b3a0f3f3549b6,0,0,0,0,3
5d4bf044cf0b3a0f3f354a5a,0,0,1,1,2
5d4bf046cf0b3a0f3f354a92,1,0,1,2,1
5d4bf048cf0b3a0f3f354ac4,0,0,0,0,3
5d4bf048cf0b3a0f3f354ad2,1,1,1,3,0
5d4bf048cf0b3a0f3f354ad4,1,1,0,2,1
5d4bf049cf0b3a0f3f354ae4,0,1,1,2,1
5d4bf049cf0b3a0f3f354aec,0,0,0,0,3
5d4bf04acf0b3a0f3f354afa,1,1,1,3,0
5d4bf04bcf0b3a0f3f354b1a,0,0,0,0,3
5d4bf04bcf0b3a0f3f354b26,0,0,0,0,3
5d4bf04bcf0b3a0f3f354b28,0,0,1,1,2
5d4bf04bcf0b3a0f3f354b2a,0,0,0,0,3
5d4bf04ccf0b3a0f3f354b3c,1,0,0,1,2
5d4bf04ccf0b3a0f3f354b40,0,0,0,0,3
5d4bf04ccf0b3a0f3f354b48,1,0,0,1,2
5d4bf04dcf0b3a0f3f354b5c,1,1,1,3,0
5d4bf04fcf0b3a0f3f354b9c,0,0,0,0,3
5d4bf050cf0b3a0f3f354bac,0,1,1,2,1
5d4bf050cf0b3a0f3f354bbe,1,0,1,2,1
5d4bf051cf0b3a0f3f354bc4,0,0,0,0,3
5d4bf052cf0b3a0f3f354bce,1,1,1,3,0
5d4bf054cf0b3a0f3f354bde,0,1,1,2,1
5d4bf055cf0b3a0f3f354be2,0,1,0,1,2
5d4bf055cf0b3a0f3f354bf6,0,0,0,0,3
5d4bf056cf0b3a0f3f354c04,1,0,0,1,2
5d4bf058cf0b3a0f3f354c32,1,0,1,2,1
5d4bf058cf0b3a0f3f354c36,0,1,1,2,1
5d4bf058cf0b3a0f3f354c40,1,0,0,1,2
5d4bf058cf0b3a0f3f354c44,1,0,0,1,2
5d4bf059cf0b3a0f3f354c4e,0,0,0,0,3
5d4bf05acf0b3a0f3f354c68,1,1,1,3,0
5d4bf05acf0b3a0f3f354c6c,0,1,1,2,1
5d4bf05bcf0b3a0f3f354c80,1,0,0,1,2
5d4bf05bcf0b3a0f3f354c82,0,1,1,2,1
5d4bf05bcf0b3a0f3f354c86,0,1,1,2,1
5d4bf05ccf0b3a0f3f354c9a,0,0,0,0,3
5d4bf05ccf0b3a0f3f354ca0,1,1,1,3,0
5d4bf05ccf0b3a0f3f354ca6,1,0,0,1,2
5d4bf05ccf0b3a0f3f354caa,1,0,0,1,2
5d4bf05fcf0b3a0f3f354cf2,0,1,1,2,1
5d4bf05fcf0b3a0f3f354cfa,0,0,1,1,2
5d4bf060cf0b3a0f3f354d06,0,1,0,1,2
5d4bf060cf0b3a0f3f354d08,0,0,0,0,3
5d4bf061cf0b3a0f3f354d28,0,1,1,2,1
5d4bf063cf0b3a0f3f354d5c,1,0,0,1,2
5d4bf064cf0b3a0f3f354d72,1,1,1,3,0
5d4bf065cf0b3a0f3f354d96,1,1,0,2,1
5d4bf066cf0b3a0f3f354da4,1,1,1,3,0
5d4bf067cf0b3a0f3f354dc6,1,1,0,2,1
5d4bf067cf0b3a0f3f354dca,1,1,1,3,0
5d4bf067cf0b3a0f3f354dd8,1,1,1,3,0
5d4bf068cf0b3a0f3f354dea,1,1,1,3,0
5d4bf068cf0b3a0f3f354dee,0,0,0,0,3
5d4bf075cf0b3a0f3f354f18,1,0,0,1,2
5d4bf07acf0b3a0f3f354f98,1,1,1,3,0
5d4bf07ecf0b3a0f3f35502a,0,0,0,0,3
5d4bf085cf0b3a0f3f3550d8,0,0,0,0,3
5d4bf086cf0b3a0f3f3550f4,0,1,0,1,2
5d4bf088cf0b3a0f3f35512e,1,0,0,1,2
5d4bf08acf0b3a0f3f355162,1,0,0,1,2
5d4bf08acf0b3a0f3f355178,1,0,0,1,2
5d4bf08dcf0b3a0f3f3551ae,0,0,0,0,3
5d4bf08ecf0b3a0f3f3551c8,1,0,0,1,2
5d4bf090cf0b3a0f3f3551f8,0,0,0,0,3
5d4bf095cf0b3a0f3f35524e,1,0,0,1,2
5d4bf09bcf0b3a0f3f355304,0,0,0,0,3
5d4bf09ccf0b3a0f3f35530a,0,1,1,2,1
5d4bf09ecf0b3a0f3f355358,0,0,0,0,3
5d4bf0a3cf0b3a0f3f3553f0,1,1,1,3,0
5d4bf0a4cf0b3a0f3f3553fa,0,0,0,0,3
5d4bf0adcf0b3a0f3f3554f4,0,0,0,0,3
5d4bf0b5cf0b3a0f3f3555f2,0,0,0,0,3
5d4bf0b7cf0b3a0f3f355622,0,0,0,0,3
5d4bf0b8cf0b3a0f3f355642,0,1,0,1,2
5d4bf0bdcf0b3a0f3f3556c2,0,0,0,0,3
5d4bf0bfcf0b3a0f3f35570a,0,1,0,1,2
5d4bf0c3cf0b3a0f3f355764,1,0,0,1,2
5d4bf0c6cf0b3a0f3f3557cc,1,1,1,3,0
5d4bf0c8cf0b3a0f3f3557e8,0,1,0,1,2
5d4bf0cbcf0b3a0f3f35584e,1,0,1,2,1
5d4bf0d8cf0b3a0f3f355964,0,0,0,0,3
5d4bf0e5cf0b3a0f3f355af2,0,0,1,1,2
5d4bf0e7cf0b3a0f3f355b24,0,0,1,1,2
5d4bf0e7cf0b3a0f3f355b2a,0,0,0,0,3
5d4bf0eacf0b3a0f3f355b7c,1,0,1,2,1
5d4bf0ebcf0b3a0f3f355b8e,1,1,1,3,0
5d4bf0eecf0b3a0f3f355bfa,1,1,1,3,0
5d4bf0f0cf0b3a0f3f355c26,1,1,1,3,0
5d4bf0f0cf0b3a0f3f355c32,0,1,1,2,1
5d4bf0f2cf0b3a0f3f355c6c,1,0,0,1,2
5d4bf0f2cf0b3a0f3f355c76,0,0,0,0,3
5d4bf0f8cf0b3a0f3f355cee,0,1,0,1,2
5d4bf0facf0b3a0f3f355cfe,0,0,0,0,3
5d4bf0fecf0b3a0f3f355d26,1,1,1,3,0
5d4bf104cf0b3a0f3f355d52,0,0,1,1,2
5d4bf107cf0b3a0f3f355da2,0,0,0,0,3
5d4bf107cf0b3a0f3f355daa,1,1,1,3,0
5d4bf108cf0b3a0f3f355db0,0,0,0,0,3
5d4bf108cf0b3a0f3f355dc2,1,0,1,2,1
5d4bf10ecf0b3a0f3f355e5a,1,0,0,1,2
5d4bf111cf0b3a0f3f355ea2,0,0,0,0,3
5d4bf123cf0b3a0f3f356064,0,1,0,1,2
5d4bf130cf0b3a0f3f3561de,1,1,1,3,0
5d4bf132cf0b3a0f3f356220,0,0,0,0,3
5d4bf133cf0b3a0f3f356236,0,0,1,1,2
5d4bf136cf0b3a0f3f3562a4,1,1,1,3,0
5d4bf137cf0b3a0f3f3562a6,1,0,1,2,1
5d4bf139cf0b3a0f3f3562e2,1,1,1,3,0
5d4bf139cf0b3a0f3f3562e4,0,0,1,1,2
5d4bf13bcf0b3a0f3f356334,0,1,0,1,2
5d4bf13dcf0b3a0f3f356358,0,0,0,0,3
5d4bf13dcf0b3a0f3f356360,1,0,0,1,2
5d4bf13ecf0b3a0f3f35638c,0,1,1,2,1
5d4bf13fcf0b3a0f3f356398,0,1,1,2,1
5d4bf141cf0b3a0f3f3563d0,1,1,1,3,0
5d4bf141cf0b3a0f3f3563d8,1,1,1,3,0
5d4bf141cf0b3a0f3f3563ec,1,1,1,3,0
5d4bf142cf0b3a0f3f3563f4,1,1,0,2,1
5d4bf142cf0b3a0f3f3563fa,0,1,1,2,1
5d4bf142cf0b3a0f3f356400,1,0,1,2,1
5d4bf145cf0b3a0f3f356462,0,1,1,2,1
5d4bf149cf0b3a0f3f3564d8,0,1,1,2,1
5d4bf150cf0b3a0f3f356528,0,0,0,0,3
5d4bf150cf0b3a0f3f356534,0,0,0,0,3
5d4bf152cf0b3a0f3f35656a,1,0,1,2,1
5d4bf159cf0b3a0f3f3565d4,1,0,1,2,1
5d4bf15dcf0b3a0f3f356640,0,0,0,0,3
5d4bf15fcf0b3a0f3f356678,1,1,1,3,0
5d4bf161cf0b3a0f3f3566b6,0,0,0,0,3
5d4bf162cf0b3a0f3f3566c2,0,0,0,0,3
5d4bf162cf0b3a0f3f3566d6,1,1,1,3,0
5d4bf163cf0b3a0f3f3566ee,0,0,0,0,3
5d4bf16acf0b3a0f3f3567bc,0,0,0,0,3
5d4bf16bcf0b3a0f3f3567ce,0,0,0,0,3
5d4bf170cf0b3a0f3f356802,0,1,1,2,1
5d4bf170cf0b3a0f3f356814,1,1,1,3,0
5d4bf172cf0b3a0f3f35683a,1,1,1,3,0
5d4bf172cf0b3a0f3f35684e,0,0,0,0,3
5d4bf176cf0b3a0f3f3568c0,1,0,0,1,2
5d4bf177cf0b3a0f3f3568de,0,0,0,0,3
5d4bf178cf0b3a0f3f3568f2,0,1,0,1,2
5d4bf179cf0b3a0f3f35690c,1,0,0,1,2
5d4bf179cf0b3a0f3f356918,1,1,1,3,0
5d4bf17dcf0b3a0f3f35697a,0,0,0,0,3
5d4bf181cf0b3a0f3f3569ec,0,0,0,0,3
5d4bf18ccf0b3a0f3f356b1c,0,0,0,0,3
5d4bf190cf0b3a0f3f356b94,1,1,1,3,0
5d4bf192cf0b3a0f3f356bcc,1,1,1,3,0
5d4bf194cf0b3a0f3f356c02,0,0,0,0,3
5d4bf195cf0b3a0f3f356c2a,1,1,1,3,0
5d4bf196cf0b3a0f3f356c4e,0,0,0,0,3
5d4bf199cf0b3a0f3f356c8e,0,0,0,0,3
5d4bf19bcf0b3a0f3f356cd2,0,0,0,0,3
5d4bf19bcf0b3a0f3f356cd6,0,0,0,0,3
5d4bf19dcf0b3a0f3f356d08,1,0,0,1,2
5d4bf1a3cf0b3a0f3f356dd0,1,1,1,3,0
5d4bf1a8cf0b3a0f3f356df6,0,0,0,0,3
5d4bf1a9cf0b3a0f3f356e0c,0,1,0,1,2
5d4bf1b1cf0b3a0f3f356f12,1,0,1,2,1
5d4bf1b4cf0b3a0f3f356f58,0,1,1,2,1
5d4bf1b5cf0b3a0f3f356f7e,0,0,0,0,3
5d4bf1b5cf0b3a0f3f356f88,0,1,0,1,2
5d4bf1b7cf0b3a0f3f356fc0,1,1,1,3,0
5d4bf1bacf0b3a0f3f35700e,1,1,1,3,0
5d4bf1c1cf0b3a0f3f3570da,0,0,0,0,3
5d4bf1c4cf0b3a0f3f35712a,0,0,0,0,3
5d4bf1c5cf0b3a0f3f35715a,0,0,0,0,3
5d4bf1c7cf0b3a0f3f357196,0,0,0,0,3
5d4bf1cbcf0b3a0f3f3571f8,1,0,1,2,1
5d4bf1cfcf0b3a0f3f35727c,0,0,1,1,2
5d4bf1d5cf0b3a0f3f357334,0,1,1,2,1
5d4bf1d8cf0b3a0f3f35737e,0,0,1,1,2
5d4bf1decf0b3a0f3f357426,0,0,0,0,3
5d4bf1e1cf0b3a0f3f35747a,0,0,0,0,3
5d4bf1e2cf0b3a0f3f3574a6,0,1,1,2,1
5d4bf1e6cf0b3a0f3f35751a,1,1,1,3,0
5d4bf1e8cf0b3a0f3f357546,0,1,1,2,1
5d4bf1ebcf0b3a0f3f3575a0,0,0,0,0,3
5d4bf1ebcf0b3a0f3f3575ae,0,0,0,0,3
5d4bf1efcf0b3a0f3f35761c,1,0,1,2,1
5d4bf1f1cf0b3a0f3f35764e,0,0,0,0,3
5d4bf1f2cf0b3a0f3f357674,0,1,1,2,1
5d4bf1fccf0b3a0f3f35779c,0,0,1,1,2
5d4bf1fccf0b3a0f3f3577ae,1,0,0,1,2
5d4bf1fecf0b3a0f3f3577d8,0,1,1,2,1
5d4bf202cf0b3a0f3f357848,1,1,1,3,0
5d4bf204cf0b3a0f3f357888,0,0,0,0,3
5d4bf206cf0b3a0f3f3578c6,1,0,1,2,1
5d4bf208cf0b3a0f3f35790c,1,0,1,2,1
5d4bf211cf0b3a0f3f357a24,0,0,0,0,3
5d4bf215cf0b3a0f3f357a82,0,0,0,0,3
5d4bf217cf0b3a0f3f357ac8,0,1,1,2,1
5d4bf219cf0b3a0f3f357b0e,0,1,1,2,1
5d4bf221cf0b3a0f3f357be8,1,0,0,1,2
5d4bf229cf0b3a0f3f357cee,0,1,1,2,1
5d4bf22acf0b3a0f3f357cf4,1,1,1,3,0
5d4bf22acf0b3a0f3f357cfa,0,1,1,2,1
5d4bf22bcf0b3a0f3f357d0e,1,1,1,3,0
5d4bf22bcf0b3a0f3f357d14,1,0,0,1,2
5d4bf22ccf0b3a0f3f357d40,1,1,1,3,0
5d4bf22ccf0b3a0f3f357d44,1,0,1,2,1
5d4bf22ccf0b3a0f3f357d46,0,0,1,1,2
5d4bf22dcf0b3a0f3f357d56,0,0,0,0,3
5d4bf22dcf0b3a0f3f357d60,1,1,1,3,0
5d4bf22ecf0b3a0f3f357d68,0,1,0,1,2
5d4bf22ecf0b3a0f3f357d70,1,0,0,1,2
5d4bf22fcf0b3a0f3f357d96,1,1,1,3,0
5d4bf230cf0b3a0f3f357db8,1,1,1,3,0
5d4bf231cf0b3a0f3f357dca,0,0,0,0,3
5d4bf232cf0b3a0f3f357de0,1,1,1,3,0
5d4bf232cf0b3a0f3f357df2,1,1,1,3,0
5d4bf232cf0b3a0f3f357dfa,1,0,1,2,1
5d4bf234cf0b3a0f3f357e32,0,0,1,1,2
5d4bf234cf0b3a0f3f357e36,1,0,0,1,2
5d4bf235cf0b3a0f3f357e40,1,1,1,3,0
5d4bf235cf0b3a0f3f357e4e,0,0,0,0,3
5d4bf235cf0b3a0f3f357e50,1,1,1,3,0
5d4bf236cf0b3a0f3f357e5e,1,0,0,1,2
5d4bf23ccf0b3a0f3f357f0e,1,1,1,3,0
5d4bf24dcf0b3a0f3f3580ba,1,1,1,3,0
5d4bf24ecf0b3a0f3f3580d6,1,1,1,3,0
5d4bf254cf0b3a0f3f35818c,1,1,1,3,0
5d4bf257cf0b3a0f3f3581e2,1,0,0,1,2
5d4bf258cf0b3a0f3f3581ec,1,1,1,3,0
5d4bf258cf0b3a0f3f3581f6,0,0,0,0,3
5d4bf259cf0b3a0f3f358226,0,0,0,0,3
5d4bf25dcf0b3a0f3f358298,1,1,0,2,1
5d4bf26bcf0b3a0f3f35833e,0,0,0,0,3
5d4bf26dcf0b3a0f3f358364,0,0,0,0,3
5d4bf271cf0b3a0f3f3583f2,0,0,1,1,2
5d4bf274cf0b3a0f3f35843a,1,1,1,3,0
5d4bf276cf0b3a0f3f358476,1,1,1,3,0
5d4bf278cf0b3a0f3f3584b2,1,0,1,2,1
5d4bf27bcf0b3a0f3f35851a,0,0,0,0,3
5d4bf282cf0b3a0f3f3585e2,0,0,0,0,3
5d4bf282cf0b3a0f3f3585ea,0,1,1,2,1
5d4bf284cf0b3a0f3f358638,0,0,0,0,3
5d4bf285cf0b3a0f3f358642,0,0,0,0,3
5d4bf286cf0b3a0f3f358676,0,1,0,1,2
5d4bf286cf0b3a0f3f358678,0,0,0,0,3
5d4bf287cf0b3a0f3f358684,1,1,1,3,0
5d4bf288cf0b3a0f3f35869c,1,1,1,3,0
5d4bf28acf0b3a0f3f3586de,0,1,1,2,1
5d4bf28acf0b3a0f3f3586ec,0,0,0,0,3
5d4bf28acf0b3a0f3f3586f8,0,0,0,0,3
5d4bf28bcf0b3a0f3f3586fa,1,1,1,3,0
5d4bf290cf0b3a0f3f3587a0,1,0,1,2,1
5d4bf292cf0b3a0f3f3587ec,1,1,1,3,0
5d4bf293cf0b3a0f3f3587f2,1,0,1,2,1
5d4bf295cf0b3a0f3f358844,1,0,0,1,2
5d4bf296cf0b3a0f3f358854,0,0,0,0,3
5d4bf296cf0b3a0f3f358862,0,1,1,2,1
5d4bf299cf0b3a0f3f3588c0,1,1,1,3,0
5d4bf299cf0b3a0f3f3588c6,1,0,0,1,2
5d4bf29dcf0b3a0f3f35893a,0,0,0,0,3
5d4bf29ecf0b3a0f3f358950,1,1,1,3,0
5d4bf29ecf0b3a0f3f358954,1,1,1,3,0
5d4bf29ecf0b3a0f3f35895c,0,0,1,1,2
5d4bf2a0cf0b3a0f3f358990,0,1,1,2,1
5d4bf2a2cf0b3a0f3f3589c2,0,0,0,0,3
5d4bf2a2cf0b3a0f3f3589c6,0,1,0,1,2
5d4bf2a5cf0b3a0f3f358a26,1,1,1,3,0
5d4bf2a7cf0b3a0f3f358a60,0,0,0,0,3
5d4bf2aacf0b3a0f3f358ab2,0,1,1,2,1
5d4bf2aecf0b3a0f3f358b36,0,0,1,1,2
5d4bf2afcf0b3a0f3f358b52,0,0,0,0,3
5d4bf2b0cf0b3a0f3f358b76,0,0,0,0,3
5d4bf2b2cf0b3a0f3f358bb8,0,0,0,0,3
5d4bf2b7cf0b3a0f3f358c50,0,0,0,0,3
5d4bf2b8cf0b3a0f3f358c5e,1,0,0,1,2
5d4bf2b9cf0b3a0f3f358c80,0,0,1,1,2
5d4bf2bacf0b3a0f3f358cb0,0,0,0,0,3
5d4bf2bfcf0b3a0f3f358d2e,1,0,1,2,1
5d4bf2c0cf0b3a0f3f358d5c,1,1,1,3,0
5d4bf2c1cf0b3a0f3f358d70,1,0,0,1,2
5d4bf2c2cf0b3a0f3f358d8c,0,0,0,0,3
5d4bf2c2cf0b3a0f3f358d90,0,0,1,1,2
5d4bf2c2cf0b3a0f3f358da0,1,0,0,1,2
5d4bf2c3cf0b3a0f3f358db6,1,1,1,3,0
5d4bf2c6cf0b3a0f3f358e16,0,0,0,0,3
5d4bf2c8cf0b3a0f3f358e5e,0,0,0,0,3
5d4bf2c9cf0b3a0f3f358e66,0,1,0,1,2
5d4bf2cbcf0b3a0f3f358eae,0,0,0,0,3
5d4bf2cccf0b3a0f3f358ecc,0,0,0,0,3
5d4bf2cccf0b3a0f3f358ed0,0,1,1,2,1
5d4bf2cccf0b3a0f3f358ed2,0,0,0,0,3
5d4bf2cdcf0b3a0f3f358ee8,0,0,0,0,3
5d4bf2cecf0b3a0f3f358efa,1,1,0,2,1
5d4bf2cfcf0b3a0f3f358f1a,0,0,0,0,3
5d4bf2d0cf0b3a0f3f358f3c,0,1,1,2,1
5d4bf2d1cf0b3a0f3f358f6a,1,1,1,3,0
5d4bf2d2cf0b3a0f3f358f78,1,1,1,3,0
5d4bf2d4cf0b3a0f3f358fb4,0,0,0,0,3
5d4bf2d4cf0b3a0f3f358fc6,0,0,0,0,3
5d4bf2d4cf0b3a0f3f358fca,0,0,0,0,3
5d4bf2d5cf0b3a0f3f358fcc,1,1,0,2,1
5d4bf2d7cf0b3a0f3f359026,1,1,1,3,0
5d4bf2dacf0b3a0f3f359070,0,0,1,1,2
5d4bf2dbcf0b3a0f3f359090,1,0,0,1,2
5d4bf2dbcf0b3a0f3f359094,1,1,1,3,0
5d4bf2ddcf0b3a0f3f3590c2,1,1,1,3,0
5d4bf2ddcf0b3a0f3f3590cc,0,0,0,0,3
5d4bf2dfcf0b3a0f3f359104,1,1,1,3,0
5d4bf2dfcf0b3a0f3f359112,1,0,1,2,1
5d4bf2e2cf0b3a0f3f359176,1,1,1,3,0
5d4bf2e2cf0b3a0f3f359178,1,1,1,3,0
5d4bf2e3cf0b3a0f3f359190,0,0,1,1,2
5d4bf2e3cf0b3a0f3f359192,0,1,0,1,2
5d4bf2e7cf0b3a0f3f359202,0,0,0,0,3
5d4bf2eacf0b3a0f3f35926a,1,0,0,1,2
5d4bf2eccf0b3a0f3f35929a,1,0,0,1,2
5d4bf2eccf0b3a0f3f3592a4,0,0,0,0,3
5d4bf2edcf0b3a0f3f3592b4,0,0,1,1,2
5d4bf2f4cf0b3a0f3f359384,0,0,0,0,3
5d4bf2f6cf0b3a0f3f3593c2,1,0,0,1,2
5d4bf2f7cf0b3a0f3f3593e8,0,1,1,2,1
5d4bf2fccf0b3a0f3f359480,0,1,1,2,1
5d4bf2ffcf0b3a0f3f3594e6,1,1,1,3,0
5d4bf304cf0b3a0f3f359578,1,0,1,2,1
5d4bf305cf0b3a0f3f35958a,1,1,1,3,0
5d4bf308cf0b3a0f3f3595f4,1,1,1,3,0
5d4bf309cf0b3a0f3f359614,1,1,0,2,1
5d4bf30ccf0b3a0f3f359656,1,1,0,2,1
5d4bf30ccf0b3a0f3f359664,0,0,1,1,2
5d4bf30dcf0b3a0f3f35967c,1,1,1,3,0
5d4bf30ecf0b3a0f3f3596a8,0,0,0,0,3
5d4bf312cf0b3a0f3f359724,1,0,0,1,2
5d4bf315cf0b3a0f3f359758,0,0,0,0,3
5d4bf319cf0b3a0f3f3597d2,1,1,1,3,0
5d4bf31ccf0b3a0f3f35982e,0,1,1,2,1
5d4bf31dcf0b3a0f3f35983c,0,0,1,1,2
5d4bf321cf0b3a0f3f3598a0,0,0,0,0,3
5d4bf323cf0b3a0f3f3598d2,0,0,0,0,3
5d4bf324cf0b3a0f3f3598e2,0,0,1,1,2
5d4bf326cf0b3a0f3f359928,0,0,0,0,3
5d4bf326cf0b3a0f3f35992c,0,0,0,0,3
5d4bf327cf0b3a0f3f359936,0,0,0,0,3
5d4bf32dcf0b3a0f3f3599d8,0,0,0,0,3
5d4bf330cf0b3a0f3f359a28,1,1,1,3,0
5d4bf332cf0b3a0f3f359a6a,0,0,0,0,3
5d4bf333cf0b3a0f3f359a7a,0,1,1,2,1
5d4bf335cf0b3a0f3f359aba,0,0,0,0,3
5d4bf335cf0b3a0f3f359ac2,0,1,1,2,1
5d4bf338cf0b3a0f3f359b16,0,0,0,0,3
5d4bf339cf0b3a0f3f359b3c,1,0,1,2,1
5d4bf33ccf0b3a0f3f359b90,0,0,0,0,3
5d4bf33fcf0b3a0f3f359be0,0,1,1,2,1
5d4bf344cf0b3a0f3f359c68,0,1,1,2,1
5d4bf34ccf0b3a0f3f359d48,0,0,0,0,3
5d4bf34dcf0b3a0f3f359d52,1,1,1,3,0
5d4bf34dcf0b3a0f3f359d5e,1,1,0,2,1
5d4bf34fcf0b3a0f3f359d92,1,0,0,1,2
5d4bf34fcf0b3a0f3f359d98,0,1,1,2,1
5d4bf353cf0b3a0f3f359e02,0,0,1,1,2
5d4bf35dcf0b3a0f3f359e6c,0,0,0,0,3
5d4bf35ecf0b3a0f3f359e7a,0,0,0,0,3
5d4bf363cf0b3a0f3f359ef4,1,1,1,3,0
5d4bf368cf0b3a0f3f359f6e,0,1,0,1,2
5d4bf36ccf0b3a0f3f359ffa,0,0,0,0,3
5d4bf370cf0b3a0f3f35a05a,0,1,1,2,1
5d4bf370cf0b3a0f3f35a070,1,1,1,3,0
5d4bf371cf0b3a0f3f35a07a,1,1,1,3,0
5d4bf372cf0b3a0f3f35a092,0,0,0,0,3
5d4bf373cf0b3a0f3f35a0b8,0,1,1,2,1
5d4bf374cf0b3a0f3f35a0e4,1,1,0,2,1
5d4bf375cf0b3a0f3f35a0fc,1,0,0,1,2
5d4bf377cf0b3a0f3f35a138,0,0,0,0,3
5d4bf37acf0b3a0f3f35a190,0,0,0,0,3
5d4bf37bcf0b3a0f3f35a1b4,1,0,0,1,2
5d4bf37fcf0b3a0f3f35a222,1,0,0,1,2
5d4bf380cf0b3a0f3f35a24e,0,0,0,0,3
5d4bf381cf0b3a0f3f35a26a,1,1,1,3,0
5d4bf384cf0b3a0f3f35a2ba,0,0,0,0,3
5d4bf38ccf0b3a0f3f35a3a0,0,1,1,2,1
5d4bf38fcf0b3a0f3f35a3e8,0,0,0,0,3
5d4bf390cf0b3a0f3f35a3f8,0,0,1,1,2
5d4bf397cf0b3a0f3f35a484,0,0,0,0,3
5d4bf3a1cf0b3a0f3f35a5b0,0,0,0,0,3
5d4bf3a3cf0b3a0f3f35a5ec,0,0,0,0,3
5d4bf3a5cf0b3a0f3f35a628,0,1,0,1,2
5d4bf3a7cf0b3a0f3f35a64c,0,0,0,0,3
5d4bf3a7cf0b3a0f3f35a660,0,0,1,1,2
5d4bf3a9cf0b3a0f3f35a68e,1,1,1,3,0
5d4bf3b0cf0b3a0f3f35a74a,1,1,1,3,0
5d4bf3b5cf0b3a0f3f35a7c6,0,0,0,0,3
5d4bf3b6cf0b3a0f3f35a7de,1,0,0,1,2
5d4bf3b7cf0b3a0f3f35a7f0,0,1,1,2,1
5d4bf3b7cf0b3a0f3f35a7f8,0,0,0,0,3
5d4bf3b8cf0b3a0f3f35a820,1,1,1,3,0
5d4bf3c0cf0b3a0f3f35a87e,0,0,0,0,3
5d4bf3c4cf0b3a0f3f35a8fc,0,0,0,0,3
5d4bf3cacf0b3a0f3f35a96a,0,0,0,0,3
5d4bf3cccf0b3a0f3f35a974,0,0,0,0,3
5d4bf3d4cf0b3a0f3f35a9ca,1,1,1,3,0
5d4bf3d8cf0b3a0f3f35aa30,0,1,1,2,1
5d4bf3ddcf0b3a0f3f35aac0,1,0,0,1,2
5d4bf3ddcf0b3a0f3f35aaca,0,0,0,0,3
5d4bf3dfcf0b3a0f3f35ab06,0,0,0,0,3
5d4bf3e2cf0b3a0f3f35ab4e,0,1,0,1,2
5d4bf3e8cf0b3a0f3f35abf4,1,0,0,1,2
5d4bf3edcf0b3a0f3f35ac80,1,1,0,2,1
5d4bf3f0cf0b3a0f3f35acda,1,0,0,1,2
5d4bf3f8cf0b3a0f3f35adc4,0,1,1,2,1
5d4bf3fbcf0b3a0f3f35ae26,0,0,0,0,3
5d4bf3fecf0b3a0f3f35ae6a,1,0,0,1,2
5d4bf406cf0b3a0f3f35aef2,1,1,1,3,0
5d4bf406cf0b3a0f3f35aefc,1,1,1,3,0
5d4bf407cf0b3a0f3f35af14,0,1,1,2,1
5d4bf407cf0b3a0f3f35af1e,0,1,1,2,1
5d4bf408cf0b3a0f3f35af30,0,1,1,2,1
5d4bf408cf0b3a0f3f35af3c,0,0,0,0,3
5d4bf408cf0b3a0f3f35af40,1,1,1,3,0
5d4bf409cf0b3a0f3f35af58,0,1,1,2,1
5d4bf409cf0b3a0f3f35af5e,0,1,1,2,1
5d4bf40acf0b3a0f3f35af6c,0,0,1,1,2
5d4bf40dcf0b3a0f3f35afba,1,0,0,1,2
5d4bf40dcf0b3a0f3f35afbc,1,1,1,3,0
5d4bf40dcf0b3a0f3f35afbe,1,0,0,1,2
5d4bf410cf0b3a0f3f35b012,1,1,1,3,0
5d4bf411cf0b3a0f3f35b028,1,1,1,3,0
5d4bf415cf0b3a0f3f35b092,1,1,1,3,0
5d4bf419cf0b3a0f3f35b0f0,0,1,1,2,1
5d4bf424cf0b3a0f3f35b1da,1,0,1,2,1
5d4bf425cf0b3a0f3f35b1fe,0,0,1,1,2
5d4bf426cf0b3a0f3f35b218,1,1,1,3,0
5d4bf42acf0b3a0f3f35b296,1,0,0,1,2
5d4bf42ccf0b3a0f3f35b2be,1,1,1,3,0
5d4bf42fcf0b3a0f3f35b320,0,1,1,2,1
5d4bf431cf0b3a0f3f35b350,1,1,0,2,1
5d4bf43ccf0b3a0f3f35b4a0,0,0,0,0,3
5d4bf43dcf0b3a0f3f35b4ae,1,1,1,3,0
5d4bf43ecf0b3a0f3f35b4cc,0,0,0,0,3
5d4bf440cf0b3a0f3f35b506,1,0,0,1,2
5d4bf440cf0b3a0f3f35b516,0,0,0,0,3
5d4bf442cf0b3a0f3f35b550,1,0,0,1,2
5d4bf443cf0b3a0f3f35b562,1,0,0,1,2
5d4bf447cf0b3a0f3f35b5d0,1,1,1,3,0
5d4bf447cf0b3a0f3f35b5de,0,0,0,0,3
5d4bf44ccf0b3a0f3f35b674,0,0,0,0,3
5d4bf459cf0b3a0f3f35b7f0,0,0,0,0,3
5d4bf461cf0b3a0f3f35b8ac,0,1,0,1,2
5d4bf46acf0b3a0f3f35b9bc,0,1,1,2,1
5d4bf46ccf0b3a0f3f35b9f6,0,0,0,0,3
5d4bf46ccf0b3a0f3f35b9fc,0,0,0,0,3
5d4bf46ecf0b3a0f3f35ba22,0,0,0,0,3
5d4bf475cf0b3a0f3f35baf6,0,0,0,0,3
5d4bf476cf0b3a0f3f35bb0a,0,0,0,0,3
5d4bf47dcf0b3a0f3f35bb6e,0,0,0,0,3
5d4bf482cf0b3a0f3f35bc10,0,0,0,0,3
5d4bf484cf0b3a0f3f35bc3e,1,0,0,1,2
5d4bf486cf0b3a0f3f35bc60,1,1,1,3,0
5d4bf486cf0b3a0f3f35bc68,1,1,1,3,0
5d4bf48dcf0b3a0f3f35bd1a,1,0,1,2,1
5d4bf494cf0b3a0f3f35bdc6,0,1,0,1,2
5d4bf4a4cf0b3a0f3f35bf70,0,0,1,1,2
5d4bf4a5cf0b3a0f3f35bf82,0,0,1,1,2
5d4bf4a8cf0b3a0f3f35bfbe,1,0,0,1,2
5d4bf4a9cf0b3a0f3f35bfd0,1,0,0,1,2
5d4bf4a9cf0b3a0f3f35bfd2,1,1,1,3,0
5d4bf4a9cf0b3a0f3f35bfda,1,1,0,2,1
5ec4f5433f62767d97a4729f,1,1,1,3,0
5ec4f5463f62767d97a472c0,0,0,0,0,3
5ec4f5473f62767d97a472c7,0,0,0,0,3
5ec4f5493f62767d97a472d6,1,1,1,3,0
5ec4f5493f62767d97a472d8,1,1,1,3,0
5ec4f5493f62767d97a472da,0,0,0,0,3
5ec4f5493f62767d97a472dc,1,1,1,3,0
5ec4f54a3f62767d97a472e4,0,0,0,0,3
5ec4f54b3f62767d97a472ea,1,0,1,2,1
5ec4f54b3f62767d97a472ee,0,0,0,0,3
5ec4f54b3f62767d97a472ef,1,1,1,3,0
5ec4f54c3f62767d97a472f5,1,0,0,1,2
5ec4f54d3f62767d97a472ff,1,1,1,3,0
5ec4f54e3f62767d97a47306,1,1,1,3,0
5ec4f5503f62767d97a47314,1,0,1,2,1
5ec4f5503f62767d97a47318,1,1,1,3,0
5ec4f5503f62767d97a4731b,1,1,1,3,0
5ec4f5513f62767d97a4731d,1,1,1,3,0
5ec4f5513f62767d97a4731e,0,0,1,1,2
5ec4f5513f62767d97a47324,1,0,1,2,1
5ec4f5c3f4a4fb7dc03879cd,1,1,1,3,0
5ec4f5c3f4a4fb7dc03879d0,0,0,0,0,3
5ec4f5c3f4a4fb7dc03879d1,0,1,1,2,1
5ec4f5c4f4a4fb7dc03879d4,1,1,1,3,0
5ec4f5c6f4a4fb7dc03879eb,0,0,0,0,3
5ec4f5c7f4a4fb7dc03879f5,1,1,1,3,0
5ec4f5c8f4a4fb7dc03879ff,1,1,1,3,0
5ec4f5c9f4a4fb7dc0387a08,1,0,0,1,2
5ec4f5c9f4a4fb7dc0387a09,0,0,0,0,3
5ec4f5caf4a4fb7dc0387a0b,1,1,1,3,0
5ec4f5caf4a4fb7dc0387a12,1,1,1,3,0
5ec4f5ccf4a4fb7dc0387a1f,0,0,0,0,3
5ec4f5cdf4a4fb7dc0387a2a,0,0,0,0,3
5ec4f5cef4a4fb7dc0387a34,0,0,0,0,3
5ec4f5cff4a4fb7dc0387a38,1,1,1,3,0
5ec4f5cff4a4fb7dc0387a3e,0,1,0,1,2
5ec4f5fef4a4fb7dc0387bdc,1,1,1,3,0
5ec4f601f4a4fb7dc0387bf7,1,1,1,3,0
5ec4f602f4a4fb7dc0387c00,0,0,0,0,3
5ec4f604f4a4fb7dc0387c19,1,1,1,3,0
5ec4f606f4a4fb7dc0387c25,0,0,0,0,3
5ec4f608f4a4fb7dc0387c37,0,1,1,2,1
5ec4f609f4a4fb7dc0387c40,0,1,1,2,1
5ec4f609f4a4fb7dc0387c43,1,0,0,1,2
5ec4f60bf4a4fb7dc0387c4e,1,0,1,2,1
5ec4f60cf4a4fb7dc0387c55,1,0,1,2,1
5ec4f60df4a4fb7dc0387c5f,1,1,1,3,0
5ec4f60ef4a4fb7dc0387c65,0,1,0,1,2
5ec4f60ff4a4fb7dc0387c6c,1,1,1,3,0
5ec4f60ff4a4fb7dc0387c6d,0,0,1,1,2
5ec4f60ff4a4fb7dc0387c71,1,1,1,3,0
5ec4f610f4a4fb7dc0387c7e,0,1,1,2,1
5ec4f73af0611d7ddd740440,1,1,1,3,0
5ec4f73bf0611d7ddd740448,1,1,1,3,0
5ec4f749f0611d7ddd7404ca,0,1,1,2,1
5ec4f74af0611d7ddd7404d6,0,1,1,2,1
5ec4f74bf0611d7ddd7404d7,1,1,1,3,0
5ec4f74cf0611d7ddd7404e7,1,1,1,3,0
5ec4f74df0611d7ddd7404ec,1,1,1,3,0
5ec4f74ef0611d7ddd7404f5,1,1,1,3,0
5ec4f753f0611d7ddd740526,0,0,0,0,3
5ec4f75bf0611d7ddd74055c,0,1,0,1,2
5ec4f75bf0611d7ddd74055d,0,0,0,0,3
5ec4f75cf0611d7ddd740561,1,1,1,3,0
5ec4f75cf0611d7ddd740566,1,0,0,1,2
5ec4f75df0611d7ddd74056e,0,1,1,2,1
5ec4f75ef0611d7ddd740571,1,1,0,2,1
5ec4f75ff0611d7ddd740581,1,1,1,3,0
5ec4f760f0611d7ddd74058b,0,1,1,2,1
5ec4f761f0611d7ddd740593,0,1,1,2,1
5ec4f767f0611d7ddd7405c3,1,1,1,3,0
5ec4f767f0611d7ddd7405c4,1,0,1,2,1
5ec4f767f0611d7ddd7405c8,1,0,0,1,2
5ec4f769f0611d7ddd7405d6,1,1,1,3,0
5ec4f76af0611d7ddd7405e6,0,1,1,2,1
5ec4f76bf0611d7ddd7405e7,1,0,0,1,2
5ec4f76bf0611d7ddd7405ea,1,1,1,3,0
5ec4f76bf0611d7ddd7405eb,1,0,1,2,1
5ec4f7ccf0611d7ddd74094e,1,1,1,3,0
5ec4f7cff0611d7ddd74095b,0,0,0,0,3
5ec4f7d7f0611d7ddd7409a0,0,1,1,2,1
5ec4f7daf0611d7ddd7409b3,1,1,0,2,1
5ec4f7dbf0611d7ddd7409c1,1,1,1,3,0
5ec4f7dcf0611d7ddd7409c8,0,0,1,1,2
5ec4f7ddf0611d7ddd7409d2,1,1,1,3,0
5ec4f7dff0611d7ddd7409e8,0,1,0,1,2
5ec4f7e1f0611d7ddd7409f7,1,1,1,3,0
5ec4f7e4f0611d7ddd740a12,1,1,1,3,0
5ec4f7ecf0611d7ddd740a59,0,0,1,1,2
5ec4f7ecf0611d7ddd740a5a,0,1,0,1,2
5ec4f7f0f0611d7ddd740a7c,0,1,1,2,1
5ec4f7f4f0611d7ddd740aa5,1,1,1,3,0
5ec4f7f5f0611d7ddd740aaa,1,1,1,3,0
5ec4f7f6f0611d7ddd740aaf,1,1,1,3,0
5ec4f7f8f0611d7ddd740ac8,0,0,0,0,3
5ec4f7f9f0611d7ddd740acb,1,1,1,3,0
5ec4f7faf0611d7ddd740ad9,1,1,1,3,0
5ec4f7fff0611d7ddd740b02,0,0,0,0,3
5ec4f800f0611d7ddd740b0e,0,0,0,0,3
5ec4f800f0611d7ddd740b0f,0,0,0,0,3
5ec4f801f0611d7ddd740b12,0,0,0,0,3
5ec4f802f0611d7ddd740b1e,0,1,1,2,1
5ec4f803f0611d7ddd740b28,0,0,0,0,3
5ec4f804f0611d7ddd740b31,0,0,0,0,3
5ec4f804f0611d7ddd740b32,0,1,0,1,2
5ec4f806f0611d7ddd740b42,0,1,1,2,1
5ec4f807f0611d7ddd740b49,1,1,1,3,0
5ec4f809f0611d7ddd740b59,1,0,1,2,1
5ec4f812f0611d7ddd740ba0,0,0,0,0,3
5ec4f813f0611d7ddd740ba6,0,1,0,1,2
5ec4f81af0611d7ddd740be8,1,0,0,1,2
5ec4f81bf0611d7ddd740beb,0,0,0,0,3
5ec4f81ef0611d7ddd740c0c,1,0,1,2,1
5ec4f822f0611d7ddd740c2f,0,0,0,0,3
5ec4f824f0611d7ddd740c3c,0,0,0,0,3
5ec4f825f0611d7ddd740c42,0,0,0,0,3
5ec4f828f0611d7ddd740c5d,0,0,0,0,3
5ec4f829f0611d7ddd740c6c,1,0,1,2,1
5ec4f82bf0611d7ddd740c7c,1,1,1,3,0
5ec4f82bf0611d7ddd740c7e,0,0,0,0,3
5ec4f831f0611d7ddd740ca8,0,0,0,0,3
5ec4f831f0611d7ddd740cad,1,1,1,3,0
5ec4f834f0611d7ddd740cc8,1,1,1,3,0
5ec4f835f0611d7ddd740cce,1,1,1,3,0
5ec4f837f0611d7ddd740ce0,1,1,1,3,0
5ec4f839f0611d7ddd740ced,1,1,1,3,0
5ec4f839f0611d7ddd740cf3,1,1,1,3,0
5ec4f83ef0611d7ddd740d1f,0,0,0,0,3
5ec4f844f0611d7ddd740d58,1,1,1,3,0
5ec4f84bf0611d7ddd740d80,1,1,1,3,0
5ec4f84bf0611d7ddd740d82,1,1,1,3,0
5ec4f84cf0611d7ddd740d89,1,1,1,3,0
5ec4f84ef0611d7ddd740d98,1,0,0,1,2
5ec4f84ff0611d7ddd740da3,0,0,0,0,3
5ec4f852f0611d7ddd740dbe,1,1,0,2,1
5ec4f853f0611d7ddd740dc5,1,1,1,3,0
5ec4f853f0611d7ddd740dc8,1,1,1,3,0
5ec4f854f0611d7ddd740dce,0,0,0,0,3
5ec4f854f0611d7ddd740dd1,0,1,0,1,2
5ec4f855f0611d7ddd740dda,1,1,1,3,0
5ec4f855f0611d7ddd740ddd,1,0,0,1,2
5ec4f85ff0611d7ddd740e32,1,0,1,2,1
5ec4f868f0611d7ddd740e88,1,1,1,3,0
5ec4f86bf0611d7ddd740ea0,1,0,1,2,1
5ec4f86df0611d7ddd740eb1,1,1,1,3,0
5ec4f86ff0611d7ddd740ec1,1,1,1,3,0
5ec4f872f0611d7ddd740ede,1,1,0,2,1
5ec4f872f0611d7ddd740ee3,1,1,1,3,0
5ec4f873f0611d7ddd740ee9,1,0,1,2,1
5ec4f877f0611d7ddd740f0a,1,0,1,2,1
5ec4f87af0611d7ddd740f23,0,1,1,2,1
5ec4f87cf0611d7ddd740f36,0,0,0,0,3
5ec4f87df0611d7ddd740f44,0,1,1,2,1
5ec4f87ff0611d7ddd740f55,1,0,0,1,2
5ec4f881f0611d7ddd740f69,0,0,0,0,3
5ec4f887f0611d7ddd740f8c,0,0,1,1,2
5ec4f888f0611d7ddd740f93,0,0,0,0,3
5ec4f889f0611d7ddd740f9a,1,0,1,2,1
5ec4f88cf0611d7ddd740fb4,0,0,0,0,3
5ec4f88df0611d7ddd740fbd,0,1,1,2,1
5ec4f88df0611d7ddd740fc1,0,0,1,1,2
5ec4f88ef0611d7ddd740fca,1,1,1,3,0
5ec4f88ff0611d7ddd740fd5,1,1,1,3,0
5ec4f890f0611d7ddd740fda,0,1,1,2,1
5ec4f8a0f0611d7ddd74106c,0,0,0,0,3
5ec4f8a3f0611d7ddd741083,1,1,1,3,0
5ec4f8a3f0611d7ddd741087,1,1,1,3,0
5ec4f8a4f0611d7ddd741093,0,1,1,2,1
5ec4f8a6f0611d7ddd7410a4,1,1,1,3,0
5ec4f8b4f0611d7ddd74111e,1,1,1,3,0
5ec4f8b5f0611d7ddd741125,0,0,1,1,2
5ec4f8b6f0611d7ddd741134,1,1,1,3,0
5ec4f8b9f0611d7ddd74114a,1,0,1,2,1
5ec4f8bff0611d7ddd74117d,0,0,0,0,3
5ec4f8c3f0611d7ddd741190,1,0,0,1,2
5ec4f8c3f0611d7ddd741194,1,1,1,3,0
5ec4f8c7f0611d7ddd7411b7,1,1,1,3,0
5ec4f8c8f0611d7ddd7411c1,1,1,1,3,0
5ec4f8caf0611d7ddd7411ce,1,1,1,3,0
5ec4f8cbf0611d7ddd7411de,0,1,0,1,2
5ec4f8cdf0611d7ddd7411ef,1,1,1,3,0
5ec4f8cff0611d7ddd7411fc,0,1,1,2,1
5ec4f8d2f0611d7ddd741219,1,1,1,3,0
5ec4f8d3f0611d7ddd74121f,1,1,1,3,0
5ec4f8d3f0611d7ddd741221,0,1,1,2,1
5ec4f8d3f0611d7ddd741222,1,1,1,3,0
5ec4f8d3f0611d7ddd741224,0,0,0,0,3
5ec4f8d4f0611d7ddd74122d,1,0,0,1,2
5ec4f8d6f0611d7ddd74123d,1,1,1,3,0
5ec4f8daf0611d7ddd74125d,1,1,1,3,0
5ec4f8dcf0611d7ddd741270,1,1,1,3,0
5ec4f8e1f0611d7ddd741299,1,1,1,3,0
5ec4f8e1f0611d7ddd74129b,0,0,0,0,3
5ec4f8e2f0611d7ddd7412a3,0,0,0,0,3
5ec4f8e6f0611d7ddd7412c8,1,1,1,3,0
5ec4f8e8f0611d7ddd7412de,0,1,1,2,1
5ec4f8e9f0611d7ddd7412e6,1,1,1,3,0
5ec4f8ebf0611d7ddd7412f2,1,1,1,3,0
5ec4f8ecf0611d7ddd7412f9,1,1,1,3,0
5ec4f8edf0611d7ddd7412ff,1,1,1,3,0
5ec4f8eef0611d7ddd74130d,1,1,1,3,0
5ec4f8eff0611d7ddd741318,0,1,0,1,2
5ec4f8f1f0611d7ddd741324,0,0,0,0,3
5ec4f8f1f0611d7ddd741329,0,0,0,0,3
5ec4f8f1f0611d7ddd74132a,0,0,0,0,3
5ec4f8f3f0611d7ddd741338,1,1,1,3,0
5ec4f8f3f0611d7ddd74133b,0,0,1,1,2
5ec4f8f5f0611d7ddd74134d,0,1,1,2,1
5ec4f8f8f0611d7ddd741362,1,1,1,3,0
5ec4f8f8f0611d7ddd741368,0,1,1,2,1
5ec4f8faf0611d7ddd741376,1,1,1,3,0
5ec4f8fcf0611d7ddd741382,1,0,0,1,2
5ec4f8fdf0611d7ddd741389,1,1,1,3,0
5ec4f8fff0611d7ddd741394,0,1,1,2,1
5ec4f900f0611d7ddd74139a,1,1,1,3,0
5ec4f901f0611d7ddd7413a3,1,1,0,2,1
5ec4f903f0611d7ddd7413b5,1,1,1,3,0
5ec4f904f0611d7ddd7413bf,0,1,1,2,1
5ec4f906f0611d7ddd7413cb,1,1,0,2,1
5ec4f906f0611d7ddd7413d1,1,1,1,3,0
5ec4f907f0611d7ddd7413d3,0,0,1,1,2
5ec4f907f0611d7ddd7413d6,1,1,1,3,0
5ec4f907f0611d7ddd7413db,1,0,0,1,2
5ec4f908f0611d7ddd7413e3,1,1,1,3,0
5ec4f909f0611d7ddd7413e7,1,1,1,3,0
5ec4f909f0611d7ddd7413ec,1,1,0,2,1
5ec4f90af0611d7ddd7413f1,1,1,1,3,0
5ec4f90af0611d7ddd7413f4,1,1,1,3,0
5ec4f90bf0611d7ddd7413fb,0,0,0,0,3
5ec4f90bf0611d7ddd7413fc,1,1,1,3,0
5ec4f90cf0611d7ddd7413ff,1,1,0,2,1
5ec4f90cf0611d7ddd741405,1,1,1,3,0
5ec4f90df0611d7ddd741407,1,1,1,3,0
5ec4f90ef0611d7ddd741410,1,1,1,3,0
5ec4f90ef0611d7ddd741416,0,1,1,2,1
5ec4f90ff0611d7ddd74141b,1,0,0,1,2
5ec4f910f0611d7ddd741422,0,0,0,0,3
5ec4f910f0611d7ddd741424,1,1,1,3,0
5ec4f910f0611d7ddd741429,1,0,0,1,2
5ec4f911f0611d7ddd74142f,0,1,1,2,1
5ec4f911f0611d7ddd741430,1,1,0,2,1
5ec4f911f0611d7ddd741431,1,1,1,3,0
5ec4f912f0611d7ddd741433,1,1,1,3,0
5ec4f912f0611d7ddd741439,0,0,1,1,2
5ec4f913f0611d7ddd74143f,0,1,1,2,1
5ec4f913f0611d7ddd741440,0,0,0,0,3
5ec4f914f0611d7ddd741446,1,1,1,3,0
5ec4f915f0611d7ddd741454,1,1,1,3,0
5ec4f916f0611d7ddd741455,0,0,0,0,3
5ec4f917f0611d7ddd741466,0,0,1,1,2
5ec4f919f0611d7ddd741476,0,1,1,2,1
5ec4f91bf0611d7ddd741489,1,1,1,3,0
5ec4f91cf0611d7ddd74148a,0,0,0,0,3
5ec4f91cf0611d7ddd74148e,0,1,1,2,1
5ec4f91df0611d7ddd741493,0,0,0,0,3
5ec4f91df0611d7ddd741495,1,1,1,3,0
5ec4f91df0611d7ddd741499,1,0,0,1,2
5ec4f91df0611d7ddd74149a,0,0,0,0,3
5ec4f91ef0611d7ddd74149d,1,0,1,2,1
5ec4f91ff0611d7ddd7414aa,1,1,1,3,0
5ec4f91ff0611d7ddd7414ab,0,1,1,2,1
5ec4f91ff0611d7ddd7414ad,1,1,1,3,0
5ec4f920f0611d7ddd7414b3,0,0,0,0,3
5ec4f921f0611d7ddd7414b8,0,0,0,0,3
5ec4f922f0611d7ddd7414c3,0,1,1,2,1
5ec4f922f0611d7ddd7414c8,0,1,1,2,1
5ec4f923f0611d7ddd7414cb,0,1,1,2,1
5ec4f923f0611d7ddd7414cd,1,0,1,2,1
5ec4f924f0611d7ddd7414d5,1,1,1,3,0
5ec4f925f0611d7ddd7414db,1,1,0,2,1
5ec4f925f0611d7ddd7414dc,0,1,1,2,1
5ec4f926f0611d7ddd7414e6,0,1,1,2,1
5ec4f928f0611d7ddd7414f7,1,1,1,3,0
5ec4f929f0611d7ddd741500,1,1,1,3,0
5ec4f929f0611d7ddd741506,0,0,0,0,3
5ec4f92bf0611d7ddd741512,1,1,1,3,0
5ec4f92bf0611d7ddd741514,1,0,0,1,2
5ec4f92bf0611d7ddd741516,0,0,0,0,3
5ec4f92bf0611d7ddd741518,0,0,0,0,3
5ec4f92cf0611d7ddd74151b,1,0,0,1,2
5ec4f92ef0611d7ddd741531,1,1,1,3,0
5ec4f92ff0611d7ddd741533,1,1,1,3,0
5ec4f932f0611d7ddd74154e,1,1,1,3,0
5ec4f933f0611d7ddd74155d,1,0,0,1,2
5ec4f935f0611d7ddd741569,0,1,1,2,1
5ec4f935f0611d7ddd74156f,0,1,1,2,1
5ec4f935f0611d7ddd741570,1,0,1,2,1
5ec4f936f0611d7ddd741572,1,0,0,1,2
5ec4f936f0611d7ddd741578,0,1,1,2,1
5ec4f93bf0611d7ddd74158f,1,0,0,1,2
5ec4f93bf0611d7ddd741590,1,1,1,3,0
5ec4f93cf0611d7ddd741595,0,1,1,2,1
5ec4f93cf0611d7ddd74159a,0,0,1,1,2
5ec4f93cf0611d7ddd74159b,1,0,1,2,1
5ec4f93cf0611d7ddd74159d,1,0,1,2,1
5ec4f93df0611d7ddd74159f,1,1,1,3,0
5ec4f93df0611d7ddd7415a4,0,0,0,0,3
5ec4f93ef0611d7ddd7415a9,1,1,1,3,0
5ec4f93ef0611d7ddd7415ab,0,0,0,0,3
5ec4f93ff0611d7ddd7415b6,0,0,1,1,2
5ec4f942f0611d7ddd7415cc,1,1,1,3,0
5ec4f945f0611d7ddd7415e5,1,1,1,3,0
5ec4f950f0611d7ddd74164b,1,1,1,3,0
5ec4f955f0611d7ddd741671,1,1,1,3,0
5ec4f955f0611d7ddd741672,1,1,1,3,0
5ec4f957f0611d7ddd741688,0,1,0,1,2
5ec4f958f0611d7ddd741693,0,0,1,1,2
5ec4f95ef0611d7ddd7416c7,1,1,1,3,0
5ec4f96cf0611d7ddd741746,1,1,1,3,0
5ec4f96df0611d7ddd74174a,1,0,1,2,1
5ec4f96ff0611d7ddd74175b,0,0,1,1,2
5ec4f96ff0611d7ddd74175f,1,1,1,3,0
5ec4f971f0611d7ddd741773,0,1,1,2,1
5ec4f973f0611d7ddd741784,1,0,1,2,1
5ec4f977f0611d7ddd74179c,1,0,1,2,1
5ec4f978f0611d7ddd7417a3,1,1,1,3,0
5ec4f97af0611d7ddd7417b0,0,0,0,0,3
5ec4f97af0611d7ddd7417b2,0,1,0,1,2
5ec4f97ef0611d7ddd7417ce,0,1,1,2,1
5ec4f97ff0611d7ddd7417d9,0,0,0,0,3
5ec4f97ff0611d7ddd7417db,1,1,1,3,0
5ec4f981f0611d7ddd7417e8,1,1,1,3,0
5ec4f982f0611d7ddd7417ef,0,0,0,0,3
5ec4f984f0611d7ddd741801,1,0,1,2,1
5ec4f984f0611d7ddd741803,1,1,1,3,0
5ec4f987f0611d7ddd741818,0,1,1,2,1
5ec4f987f0611d7ddd74181d,1,1,1,3,0
5ec4f987f0611d7ddd74181e,1,1,1,3,0
5ec4f988f0611d7ddd741822,1,1,1,3,0
5ec4f988f0611d7ddd741824,0,1,1,2,1
5ec4f98af0611d7ddd741833,1,1,1,3,0
5ec4f98af0611d7ddd741835,1,1,1,3,0
5ec4f98bf0611d7ddd74183f,1,1,1,3,0
5ec4f98cf0611d7ddd741844,0,1,1,2,1
5ec4f98df0611d7ddd74184f,1,1,1,3,0
5ec4f98ef0611d7ddd741852,0,0,0,0,3
5ec4f98ff0611d7ddd74185e,0,0,1,1,2
5ec4f9a1f0611d7ddd7418ff,0,0,0,0,3
5ec4f9a1f0611d7ddd741900,0,0,0,0,3
5ec4f9a4f0611d7ddd741920,0,0,0,0,3
5ec4f9c9f0611d7ddd741a54,0,0,0,0,3
5ec4f9cff0611d7ddd741a87,1,1,1,3,0
5ec4f9cff0611d7ddd741a8e,0,1,1,2,1
5ec4f9d2f0611d7ddd741aa7,1,1,1,3,0
5ec4f9d3f0611d7ddd741aad,1,1,1,3,0
5ec4f9d3f0611d7ddd741ab0,0,0,0,0,3
5ec4f9d5f0611d7ddd741abb,1,1,1,3,0
5ec4f9d5f0611d7ddd741ac2,1,1,0,2,1
5ec4f9d7f0611d7ddd741ad1,0,1,1,2,1
5ec4f9d9f0611d7ddd741ade,0,0,1,1,2
5ec4f9d9f0611d7ddd741ae5,1,0,1,2,1
5ec4f9d9f0611d7ddd741ae6,1,1,1,3,0
5ec4f9dbf0611d7ddd741af0,1,1,1,3,0
5ec4f9dcf0611d7ddd741afd,0,1,0,1,2
5ec4f9dcf0611d7ddd741aff,0,0,0,0,3
5ec4f9def0611d7ddd741b11,1,0,0,1,2
5ec4f9def0611d7ddd741b12,0,0,0,0,3
5ec4f9dff0611d7ddd741b1b,0,0,0,0,3
5ec4f9e0f0611d7ddd741b1e,1,1,1,3,0
5ec4f9e0f0611d7ddd741b20,1,1,1,3,0
5ec4f9e0f0611d7ddd741b25,0,1,1,2,1
5ec4f9e1f0611d7ddd741b27,0,0,0,0,3
5ec4f9e1f0611d7ddd741b2c,1,1,1,3,0
5ec4f9e2f0611d7ddd741b32,0,1,0,1,2
5ec4f9e2f0611d7ddd741b35,1,0,0,1,2
5ec4f9e4f0611d7ddd741b47,1,1,1,3,0
5ec4f9e5f0611d7ddd741b4f,0,0,0,0,3
5ec4f9e5f0611d7ddd741b51,0,1,1,2,1
5ec4f9e6f0611d7ddd741b54,0,1,1,2,1
5ec4f9e6f0611d7ddd741b55,0,1,1,2,1
5ec4f9e7f0611d7ddd741b5f,0,0,1,1,2
5ec4f9e8f0611d7ddd741b64,0,1,1,2,1
5ec4f9e8f0611d7ddd741b67,1,1,0,2,1
5ec4f9e8f0611d7ddd741b68,1,1,1,3,0
5ec4f9e8f0611d7ddd741b6c,1,0,0,1,2
5ec4f9e9f0611d7ddd741b71,0,1,0,1,2
5ec4f9e9f0611d7ddd741b73,1,1,1,3,0
5ec4f9e9f0611d7ddd741b74,0,1,1,2,1
5ec4f9eaf0611d7ddd741b7c,1,0,0,1,2
5ec4f9ebf0611d7ddd741b84,1,1,1,3,0
5ec4f9ebf0611d7ddd741b85,1,0,0,1,2
5ec4f9f2f0611d7ddd741bad,1,0,0,1,2
5ec4f9f3f0611d7ddd741bb9,1,0,0,1,2
5ec4f9f3f0611d7ddd741bbb,1,1,1,3,0
5ec4f9f3f0611d7ddd741bbc,0,1,0,1,2
5ec4f9f8f0611d7ddd741be1,0,1,0,1,2
5ec4f9f9f0611d7ddd741beb,0,1,1,2,1
5ec4f9f9f0611d7ddd741bf1,1,0,0,1,2
5ec4f9fbf0611d7ddd741c03,1,1,1,3,0
5ec4fa09f0611d7ddd741c78,0,1,1,2,1
5ec4fa0bf0611d7ddd741c8b,0,0,0,0,3
5ec4fa0ef0611d7ddd741ca7,0,0,0,0,3
5ec4fa1ef0611d7ddd741d37,1,1,1,3,0
5ec4fa20f0611d7ddd741d46,1,0,1,2,1
5ec4fa21f0611d7ddd741d4b,1,1,1,3,0
5ec4fa21f0611d7ddd741d52,0,0,0,0,3
5ec4fa21f0611d7ddd741d53,0,1,0,1,2
5ec4fa22f0611d7ddd741d55,0,0,0,0,3
5ec4fa22f0611d7ddd741d56,1,1,1,3,0
5ec4fa22f0611d7ddd741d58,0,0,0,0,3
5ec4fa23f0611d7ddd741d65,0,0,0,0,3
5ec4fa24f0611d7ddd741d6e,0,1,1,2,1
5ec4fa26f0611d7ddd741d79,0,0,0,0,3
5ec4fa27f0611d7ddd741d86,1,1,1,3,0
5ec4fa28f0611d7ddd741d91,1,1,0,2,1
5ec4fa2ff0611d7ddd741db7,0,1,1,2,1
5ec4fa2ff0611d7ddd741db9,0,0,0,0,3
5ec4fa2ff0611d7ddd741dbd,0,0,1,1,2
5ec4fa30f0611d7ddd741dc4,1,0,0,1,2
5ec4fa31f0611d7ddd741dc7,1,0,0,1,2
5ec4fa32f0611d7ddd741dd0,1,1,1,3,0
5ec4fa33f0611d7ddd741ddd,1,0,0,1,2
5ec4fa33f0611d7ddd741de1,0,0,0,0,3
5ec4fa35f0611d7ddd741deb,0,0,0,0,3
5ec4fa35f0611d7ddd741dec,0,0,1,1,2
5ec4fa35f0611d7ddd741dee,0,0,1,1,2
5ec4fa36f0611d7ddd741df9,0,1,1,2,1
5ec4fa36f0611d7ddd741dfb,0,0,0,0,3
5ec4fa37f0611d7ddd741dfd,1,1,1,3,0
5ec4fa37f0611d7ddd741e00,0,0,1,1,2
5ec4fa38f0611d7ddd741e06,0,0,0,0,3
5ec4fa3af0611d7ddd741e1d,1,1,1,3,0
5ec4fa3bf0611d7ddd741e23,1,1,1,3,0
5ec4fa3ff0611d7ddd741e44,1,0,0,1,2
5ec4fa43f0611d7ddd741e5a,1,1,1,3,0
5ec4fa43f0611d7ddd741e5d,1,1,1,3,0
5ec4fa46f0611d7ddd741e74,0,0,0,0,3
5ec4fa47f0611d7ddd741e77,1,1,1,3,0
5ec4fa47f0611d7ddd741e7a,0,0,0,0,3
5ec4fa48f0611d7ddd741e7e,1,0,1,2,1
5ec4fa4cf0611d7ddd741e97,1,1,1,3,0
5ec4fa5ef0611d7ddd741f17,0,0,0,0,3
5ec4fa5ef0611d7ddd741f1e,1,1,1,3,0
5ec4fa60f0611d7ddd741f2a,1,1,1,3,0
5ec4fa60f0611d7ddd741f2e,1,0,0,1,2
5ec4fa61f0611d7ddd741f32,1,1,1,3,0
5ec4fa61f0611d7ddd741f38,0,1,1,2,1
5ec4fa62f0611d7ddd741f3a,0,1,1,2,1
5ec4fa63f0611d7ddd741f44,1,1,1,3,0
5ec4fa63f0611d7ddd741f48,1,1,1,3,0
5ec4fa64f0611d7ddd741f50,1,0,0,1,2
5ec4fa64f0611d7ddd741f51,1,1,1,3,0
5ec4fa69f0611d7ddd741f6b,0,0,0,0,3
5ec4fa69f0611d7ddd741f6d,1,0,0,1,2
5ec4fa6af0611d7ddd741f73,1,1,1,3,0
5ec4fa6bf0611d7ddd741f78,1,1,1,3,0
5ec4fa6bf0611d7ddd741f7a,1,1,1,3,0
5ec4fa6bf0611d7ddd741f7b,1,1,1,3,0
5ec4fa6bf0611d7ddd741f7e,1,0,0,1,2
5ec4fa6cf0611d7ddd741f81,1,1,0,2,1
5ec4fa6cf0611d7ddd741f87,1,1,1,3,0
5ec4fa6ff0611d7ddd741f9b,1,1,1,3,0
5ec4fa6ff0611d7ddd741f9c,1,1,1,3,0
5ec4fa70f0611d7ddd741fa5,0,1,1,2,1
5ec4fa70f0611d7ddd741fa6,1,1,1,3,0
5ec4fa72f0611d7ddd741fb8,1,1,1,3,0
5ec4fa72f0611d7ddd741fb9,0,1,1,2,1
5ec4fa72f0611d7ddd741fba,0,1,1,2,1
5ec4fa72f0611d7ddd741fbb,0,0,0,0,3
5ec4fa72f0611d7ddd741fbc,1,1,1,3,0
5ec4fa73f0611d7ddd741fc1,0,0,1,1,2
5ec4fa73f0611d7ddd741fc4,1,0,0,1,2
5ec4fa74f0611d7ddd741fc8,1,1,1,3,0
5ec4fa74f0611d7ddd741fc9,0,0,0,0,3
5ec4fa74f0611d7ddd741fce,1,1,1,3,0
5ec4fa74f0611d7ddd741fcf,1,1,0,2,1
5ec4fa76f0611d7ddd741fdb,1,1,1,3,0
5ec4fa79f0611d7ddd741ff9,1,1,1,3,0
5ec4fa7af0611d7ddd741ffd,0,0,0,0,3
5ec4fa7ff0611d7ddd74202a,1,0,0,1,2
5ec4fa89f0611d7ddd742083,0,1,0,1,2
5ec4fa8af0611d7ddd742089,1,1,1,3,0
5ec4fa8cf0611d7ddd74209c,0,0,0,0,3
5ec4fa8cf0611d7ddd7420a2,0,1,0,1,2
5ec4fa8df0611d7ddd7420a6,1,1,1,3,0
5ec4fa8df0611d7ddd7420a7,1,1,1,3,0
5ec4fa8ff0611d7ddd7420b6,0,0,0,0,3
5ec4fa92f0611d7ddd7420cf,1,0,0,1,2
5ec4fa93f0611d7ddd7420db,0,0,0,0,3
5ec4fa93f0611d7ddd7420dc,0,0,0,0,3
5ec4faaff0611d7ddd7421c4,1,0,1,2,1
5ec4fab2f0611d7ddd7421dd,0,0,1,1,2
5ec4fab7f0611d7ddd742204,0,0,0,0,3
5ec4fab7f0611d7ddd742205,0,0,1,1,2
5ec4fabaf0611d7ddd74221d,1,0,0,1,2
5ec4fabdf0611d7ddd742236,1,1,1,3,0
5ec4fabdf0611d7ddd742237,0,0,0,0,3
5ec4fabdf0611d7ddd742238,0,0,1,1,2
5ec4fabdf0611d7ddd74223c,0,1,0,1,2
5ec4fabef0611d7ddd742242,0,0,0,0,3
5ec4fabff0611d7ddd74224b,1,1,1,3,0
5ec4fac0f0611d7ddd742257,1,0,0,1,2
5ec4fac1f0611d7ddd742259,1,1,1,3,0
5ec4fac3f0611d7ddd74226d,1,1,0,2,1
5ec4fac4f0611d7ddd742275,1,1,1,3,0
5ec4fac6f0611d7ddd74228a,1,1,1,3,0
5ec4fac6f0611d7ddd74228c,1,1,1,3,0
5ec4fac7f0611d7ddd74228d,0,1,1,2,1
5ec4fac7f0611d7ddd74228e,0,0,0,0,3
5ec4fac7f0611d7ddd742293,0,0,0,0,3
5ec4facaf0611d7ddd7422ab,0,1,1,2,1
5ec4facdf0611d7ddd7422c8,0,0,0,0,3
5ec4facef0611d7ddd7422cb,1,0,0,1,2
5ec4facff0611d7ddd7422d4,1,1,1,3,0
5ec4facff0611d7ddd7422d5,1,1,1,3,0
5ec4fad2f0611d7ddd7422f1,1,1,1,3,0
5ec4fad2f0611d7ddd7422f2,0,0,0,0,3
5ec4fad3f0611d7ddd7422fe,1,1,1,3,0
5ec4fad5f0611d7ddd742310,0,0,1,1,2
5ec4fafef0611d7ddd74245c,1,1,1,3,0
5ec4fafff0611d7ddd742469,0,0,0,0,3
5ec4fb01f0611d7ddd742478,1,1,1,3,0
5ec4fb02f0611d7ddd742482,1,1,1,3,0
5ec4fb03f0611d7ddd74248d,1,0,0,1,2
5ec4fb04f0611d7ddd742491,1,1,1,3,0
5ec4fb04f0611d7ddd742492,0,0,0,0,3
5ec4fb04f0611d7ddd742493,1,1,1,3,0
5ec4fb05f0611d7ddd74249b,1,1,1,3,0
5ec4fb05f0611d7ddd74249f,1,1,1,3,0
5ec4fb06f0611d7ddd7424a5,1,1,1,3,0
5ec4fb06f0611d7ddd7424a6,1,1,1,3,0
5ec4fb06f0611d7ddd7424a7,1,1,0,2,1
5ec4fb06f0611d7ddd7424aa,0,0,1,1,2
5ec4fb0af0611d7ddd7424cc,1,0,0,1,2
5ec4fb0ef0611d7ddd7424eb,1,1,1,3,0
5ec4fb11f0611d7ddd742503,0,0,0,0,3
5ec4fb16f0611d7ddd742532,1,1,1,3,0
5ec4fb19f0611d7ddd74254a,1,0,1,2,1
5ec4fb19f0611d7ddd74254c,1,1,1,3,0
5ec4fb27f0611d7ddd7425af,1,1,1,3,0
5ec4fb27f0611d7ddd7425b2,0,0,0,0,3
5ec4fb27f0611d7ddd7425b4,0,0,0,0,3
5ec4fb2af0611d7ddd7425ca,1,1,1,3,0
5ec4fb2ef0611d7ddd7425ed,0,0,0,0,3
5ec4fb2ff0611d7ddd7425f9,0,0,1,1,2
5ec4fb30f0611d7ddd742602,0,0,0,0,3
5ec4fb32f0611d7ddd742615,1,1,1,3,0
5ec4fb34f0611d7ddd742624,0,0,0,0,3
5ec4fb34f0611d7ddd742626,0,1,1,2,1
5ec4fb34f0611d7ddd742627,1,1,1,3,0
5ec4fb35f0611d7ddd74262c,0,1,1,2,1
5ec4fb37f0611d7ddd74263b,0,1,1,2,1
5ec4fb39f0611d7ddd742652,1,0,1,2,1
5ec4fb3af0611d7ddd742656,1,1,1,3,0
5ec4fb3af0611d7ddd742659,1,1,1,3,0
5ec4fb3af0611d7ddd74265b,1,1,0,2,1
5ec4fb3bf0611d7ddd74265e,1,1,1,3,0
5ec4fb3bf0611d7ddd74265f,1,1,1,3,0
5ec4fb56f0611d7ddd74274a,1,0,1,2,1
5ec4fb57f0611d7ddd742758,1,1,1,3,0
5ec4fb5df0611d7ddd742779,0,0,0,0,3
5ec4fb5ef0611d7ddd742780,0,0,1,1,2
5ec4fb5ff0611d7ddd742786,1,1,1,3,0
5ec4fb5ff0611d7ddd742788,1,1,1,3,0
5ec4fb61f0611d7ddd74279d,1,0,0,1,2
5ec4fb62f0611d7ddd7427a3,1,0,0,1,2
5ec4fb63f0611d7ddd7427ab,0,1,1,2,1
5ec4fb64f0611d7ddd7427b1,1,1,1,3,0
5ec4fb64f0611d7ddd7427b5,1,1,1,3,0
5ec4fb65f0611d7ddd7427bb,0,0,0,0,3
5ec4fb65f0611d7ddd7427bc,0,0,0,0,3
5ec4fb69f0611d7ddd7427de,0,0,1,1,2
5ec4fb69f0611d7ddd7427e2,0,0,0,0,3
5ec4fb6af0611d7ddd7427e8,0,0,0,0,3
5ec4fb6af0611d7ddd7427ed,0,1,0,1,2
5ec4fb6bf0611d7ddd7427f0,1,1,1,3,0
5ec4fb6bf0611d7ddd7427f4,1,1,1,3,0
5ec4fb6cf0611d7ddd7427f7,0,1,1,2,1
5ec4fb6ef0611d7ddd74280a,1,1,1,3,0
5ec4fb71f0611d7ddd742824,1,1,1,3,0
5ec4fb71f0611d7ddd742827,1,1,1,3,0
5ec4fb71f0611d7ddd742829,0,1,1,2,1
5ec4fb72f0611d7ddd74282c,0,0,0,0,3
5ec4fb72f0611d7ddd74282d,1,1,1,3,0
5ec4fb73f0611d7ddd742837,0,0,0,0,3
5ec4fb75f0611d7ddd742846,1,1,1,3,0
5ec4fb77f0611d7ddd742859,1,1,1,3,0
5ec4fb78f0611d7ddd74285e,0,1,0,1,2
5ec4fb79f0611d7ddd74286a,1,1,1,3,0
5ec4fb7bf0611d7ddd74287c,1,1,1,3,0
5ec4fb7bf0611d7ddd74287d,1,1,1,3,0
5ec4fb7cf0611d7ddd742882,1,1,1,3,0
5ec4fb7ff0611d7ddd74289e,0,0,1,1,2
5ec4fb80f0611d7ddd7428aa,1,1,0,2,1
5ec4fb82f0611d7ddd7428b8,0,0,0,0,3
5ec4fb82f0611d7ddd7428bd,1,1,1,3,0
5ec4fb83f0611d7ddd7428bf,1,1,1,3,0
5ec4fb83f0611d7ddd7428c5,0,0,0,0,3
5ec4fb84f0611d7ddd7428cb,0,1,1,2,1
5ec4fb86f0611d7ddd7428d9,1,1,1,3,0
5ec4fb86f0611d7ddd7428dc,0,0,0,0,3
5ec4fb86f0611d7ddd7428df,1,1,1,3,0
5ec4fb86f0611d7ddd7428e1,1,0,0,1,2
5ec4fb87f0611d7ddd7428e2,1,1,1,3,0
5ec4fbdcf0611d7ddd742ba4,1,1,1,3,0
5ec4fbe3f0611d7ddd742be8,1,1,1,3,0
5ec4fbe8f0611d7ddd742c11,0,1,1,2,1
5ec4fbe9f0611d7ddd742c16,0,1,0,1,2
5ec4fbedf0611d7ddd742c39,1,1,1,3,0
5ec4fbeff0611d7ddd742c4d,1,1,1,3,0
5ec4fbf5f0611d7ddd742c81,1,0,1,2,1
5ec4fbf9f0611d7ddd742ca5,1,0,0,1,2
5ec4fbfff0611d7ddd742cd5,0,0,0,0,3
5ec4fc05f0611d7ddd742d0d,1,1,1,3,0
5ec4fc07f0611d7ddd742d1c,0,0,0,0,3
5ec4fc09f0611d7ddd742d2b,0,1,1,2,1
5ec4fc11f0611d7ddd742d60,0,0,0,0,3
5ec4fc12f0611d7ddd742d6a,1,1,1,3,0
5ec4fc13f0611d7ddd742d73,0,0,0,0,3
5ec4fc15f0611d7ddd742d83,1,1,1,3,0
5ec4fc16f0611d7ddd742d8f,0,1,1,2,1
5ec4fc1bf0611d7ddd742db7,1,0,0,1,2
5ec4fc1bf0611d7ddd742dba,1,1,1,3,0
5ec4fc1cf0611d7ddd742dc4,1,1,1,3,0
5ec4fc1ff0611d7ddd742dd5,1,1,1,3,0
5ec4fc20f0611d7ddd742ddf,0,1,1,2,1
5ec4fc20f0611d7ddd742de3,1,1,1,3,0
5ec4fc21f0611d7ddd742de5,1,1,0,2,1
5ec4fc21f0611d7ddd742de8,0,0,0,0,3
5ec4fc21f0611d7ddd742ded,1,1,1,3,0
5ec4fc22f0611d7ddd742df0,1,1,1,3,0
5ec4fc25f0611d7ddd742e09,1,1,1,3,0
5ec4fc25f0611d7ddd742e0c,0,0,0,0,3
5ec4fc26f0611d7ddd742e16,1,1,1,3,0
5ec4fc28f0611d7ddd742e27,1,1,1,3,0
5ec4fc2af0611d7ddd742e33,1,1,1,3,0
5ec4fc2af0611d7ddd742e36,1,0,1,2,1
5ec4fc2af0611d7ddd742e37,0,1,1,2,1
5ec4fc2bf0611d7ddd742e3d,1,0,1,2,1
5ec4fc2bf0611d7ddd742e40,1,1,1,3,0
5ec4fc2bf0611d7ddd742e41,0,0,1,1,2
5ec4fc2cf0611d7ddd742e44,1,1,1,3,0
5ec4fc2cf0611d7ddd742e48,1,0,1,2,1
5ec4fc2cf0611d7ddd742e4a,1,1,1,3,0
5ec4fc2df0611d7ddd742e4f,1,1,1,3,0
5ec4fc2ff0611d7ddd742e60,0,1,1,2,1
5ec4fc2ff0611d7ddd742e64,1,1,1,3,0
5ec4fc30f0611d7ddd742e6d,1,0,0,1,2
5ec4fc31f0611d7ddd742e6f,0,0,0,0,3
5ec4fc33f0611d7ddd742e83,1,0,1,2,1
5ec4fc39f0611d7ddd742eb7,0,1,0,1,2
5ec4fc3bf0611d7ddd742ec5,1,1,0,2,1
5ec4fc3cf0611d7ddd742ecc,1,1,0,2,1
5ec4fc3ef0611d7ddd742ee2,1,1,1,3,0
5ec4fc41f0611d7ddd742ef7,0,1,1,2,1
5ec4fc47f0611d7ddd742f2f,0,1,1,2,1
5ec4fc49f0611d7ddd742f3a,0,0,0,0,3
5ec4fc4ef0611d7ddd742f5a,1,1,1,3,0
5ec4fc4ef0611d7ddd742f5d,0,0,0,0,3
5ec4fc53f0611d7ddd742f82,0,1,1,2,1
5ec4fc53f0611d7ddd742f86,0,0,1,1,2
5ec4fc56f0611d7ddd742f9a,1,0,0,1,2
5ec4fc5af0611d7ddd742fc1,0,1,0,1,2
5ec4fc5cf0611d7ddd742fcd,1,0,0,1,2
5ec4fc5cf0611d7ddd742fd4,0,0,0,0,3
5ec4fc62f0611d7ddd743001,0,0,0,0,3
5ec4fc62f0611d7ddd743004,0,0,0,0,3
5ec4fc62f0611d7ddd743006,1,1,1,3,0
5ec4fc63f0611d7ddd74300d,1,1,1,3,0
5ed1723b581a3d1b2d7f8e2c,0,1,1,2,1
5ed1723b581a3de6447f8e2a,0,0,0,0,3
5ed194b1581a3d1fe77f8e37,1,1,1,3,0
5ed19829581a3d14ad7f8e40,1,0,1,2,1
5ed19bf7581a3d1c417f8eb2,1,1,1,3,0
5ed29f1dfb6e135fa3e0ea24,0,0,0,0,3
5ed3f711685870045c19a1c5,0,0,0,0,3
5ed419e36858701b1019a208,0,0,1,1,2
5ed419e36858702a4119a207,0,0,0,0,3
5ed42a296858702bfa19a243,1,1,1,3,0
5ed42a296858702e7519a245,1,1,1,3,0
5ed42a296858703ee419a248,1,1,1,3,0
5ed42a29685870460619a242,1,0,0,1,2
5ed42a2968587076ea19a247,1,1,1,3,0
5ed5c0f4b323610cec9eab55,1,1,1,3,0
5ed5c0f4b323617ea39eab54,1,0,0,1,2
5ed5c0f4b32361cec19eab52,1,1,1,3,0
5ed5c0f4b32361e1819eab59,1,1,1,3,0
5ed5d0d5b323611f9b9eab67,0,0,1,1,2
5ed6d108b323617a2d9eb3c1,1,1,1,3,0
5ed6d108b32361ceaf9eb3c4,1,0,0,1,2
5ed6dd80b32361829c9eb3f3,0,0,0,0,3
5ed6e46cb32361295c9eb425,1,1,1,3,0
5ed6e46cb323617f969eb41b,1,0,0,1,2
5ed6e46cb323618cdb9eb422,1,1,1,3,0
5ed6e46cb32361925b9eb41e,0,1,1,2,1
5ed6e46cb32361ce9c9eb41c,1,1,1,3,0
5ed6e46cb32361d1c49eb41d,1,0,0,1,2
5ed6eb15b323611e5f9eb44b,0,0,0,0,3
5ed6eb15b323613dcf9eb44d,0,1,1,2,1
5ed7c2afb323615d429eb573,1,1,1,3,0
5ed7c906b32361214e9eb57e,1,1,1,3,0
5edbf22db323614c879eb8f7,0,0,0,0,3
5eded4388bd2dd696a333fd0,1,1,1,3,0
5edf891212a022500d87dc18,0,0,0,0,3
5edf909e12a0227c8a87e025,0,0,0,0,3
5edf935c12a022a2a887e0f7,0,1,1,2,1
5efb4fbf48cdeb6db8b5d5d8,1,1,1,3,0
5efb4fbf48cdeb71ebb5d5d6,0,1,1,2,1
5efb5234e693c0a6f1e6f5ee,0,0,0,0,3
5efb663a48cdebbec9b6300c,1,1,1,3,0
5efb679e48cdebc59cb635ce,1,0,0,1,2
5efb6cc7a9304ec10fd61f69,0,0,1,1,2
5efb9b4daed7d94c77f17345,0,0,0,0,3
5efba7bcaed7d905b9f1a002,1,1,1,3,0
5f025d8096149259c9516c69,1,1,1,3,0
5f025d8096149287fd516c68,1,1,1,3,0
5f03425016ced50a741784b1,1,0,0,1,2
5f037df7c4509fc8e5c09fde,1,0,0,1,2
5f04740a35531c01f8a10b0e,1,1,1,3,0
5f04858e35531c0587a116f5,1,0,0,1,2
5f048b3135531c7a88a118d2,1,1,1,3,0
5f049eada7ce5643c1cf3d57,0,1,1,2,1
5f049eada7ce5681b0cf3d58,1,1,1,3,0
5f04acf02eff988c6ce862b9,1,1,1,3,0
5f04d70d6107152289abe4a4,0,0,0,0,3
5f16cb850a6e9f12020b0097,0,0,0,0,3
5f16d423d9691d055fd10e3c,1,0,1,2,1
5f16dc7bd9691d573cd11834,1,1,1,3,0
5f1769469607c13b1674c051,1,1,1,3,0
5f1889210fdd67a1fb6de954,1,0,0,1,2
5f189df50fdd6790f36deec9,1,1,1,3,0
5f18a5870fdd672cdb6df102,0,0,0,0,3
5f19d7b753ddc6638484f7d0,1,1,1,3,0
5f19e88153ddc612f384fbd4,0,1,0,1,2
5f31bd411d4eb59d17cab836,0,0,0,0,3
5f31d3571d4eb55d47cac38e,1,1,1,3,0
5f39551665c372793cb961a1,1,1,1,3,0
5f417f35e93ed0579f8b5956,0,1,1,2,1
5f418198e93ed070d78b5b0b,0,0,0,0,3
5f4182c1e93ed062b38b5c88,1,1,1,3,0
5f41a116af84b48e6f0edfc2,0,0,0,0,3
5f41aa9d4061b3c2c42c9ad5,0,0,0,0,3
5f42dfceebd73bcdd779c5d6,0,0,0,0,3
5f42e5c4ebd73b6d0579c91f,0,0,1,1,2
5f4e7f70745497a9bdf1dc58,1,1,1,3,0
5f4e80727454974dcbf1dfcd,1,1,1,3,0
5f4ea2424a683d08cbf3f078,1,0,1,2,1
5f4eaebb326c4dba9ea42205,0,1,1,2,1
5f4eb9449ca5791ab6b6a6a5,1,1,1,3,0
5f4f84eddb46f8494d3ebd21,0,1,1,2,1
5f4f891ddb46f8757f3ec316,1,1,1,3,0
5f4f9043db46f850243ec7dc,1,1,1,3,0
5f4fa3640ed38de88462b5f3,0,0,1,1,2
5f4fa3ce0ed38d589562b712,1,1,0,2,1
5f4fa44e0ed38d16fb62b825,0,0,0,0,3
5f4fa4d30ed38d39fb62b955,1,1,1,3,0
5f4fa6260ed38d21be62bc25,0,0,0,0,3
5f4fabd80ed38d8c3862c27d,0,1,1,2,1
5f4fae720ed38d1eb062c7f6,1,1,1,3,0
5f623ccb64a0ea78b6ec9f06,0,1,0,1,2
5f63b8e3eb42306919827138,1,1,1,3,0
5f63b8edeb4230c8b182713c,0,1,1,2,1
5f64958921307287fe3532bf,0,0,0,0,3
5f649796213072815935395f,0,0,0,0,3
5f7f0619cf81bd880f96ef69,0,0,0,0,3
5f7f3179c77a05a28746ae4a,0,0,0,0,3
5f80a1fe9597997b4b4bd0e7,0,0,0,0,3
5f80a58c95979926db4bdc22,0,0,0,0,3
5f80a58c9597994cce4bdc20,0,0,1,1,2
5f80a74d9597993c954be3f4,1,1,1,3,0
5f80a74d959799dd7d4be3f1,0,1,1,2,1
5f80aa739597994da34bf586,0,1,1,2,1
5f80ac0695979966d24bfefe,0,0,0,0,3
5f80b3609597996f114c2162,1,1,1,3,0
5f80b360959799c1494c2159,1,1,1,3,0
5f80b5e995979970374c2ca1,1,1,1,3,0
5f80b5e995979978be4c2ca7,1,1,1,3,0
5f80bbe72d35621290a53615,1,1,1,3,0
5f8587d6e4d029679a1d8c48,1,1,1,3,0
5f858921e4d02995881d9273,1,1,1,3,0
5f858a4be4d0291f551d9975,0,0,0,0,3
5f858a4be4d029a3151d9977,1,1,1,3,0
5f858a4be4d029a4a61d9973,1,1,1,3,0
5f858a4be4d029cfb41d9974,1,1,1,3,0
5f858effe4d02975cd1dbd97,0,0,0,0,3
5f85960ac28f0f63587cf197,0,1,1,2,1
5f85a29bc4b8ff8611915fa4,0,1,1,2,1
5f85a4c8c4b8ff5993916aae,1,1,1,3,0
5f85a4c8c4b8ffb698916aaa,0,0,0,0,3
5f85f5607299b51158922530,1,1,1,3,0
5f85f5607299b520ab922532,1,0,0,1,2
5f85f5607299b5322892252f,1,0,0,1,2
5f8609e37299b5a78a922933,0,1,1,2,1
5f860f055fcbe0140a505203,0,0,1,1,2
5f8873e42da7682336c9e1ae,0,1,1,2,1
5f887dac2da7689746c9e23f,1,1,1,3,0
5f887ea52da7685d10c9e252,1,1,1,3,0
5f887ea52da7685ddec9e253,1,1,1,3,0
5f887ea52da7688493c9e254,0,1,1,2,1
5f889c4c7e75722eefbacfd1,1,0,0,1,2
5f889d147e757226efbad020,0,1,1,2,1
5f88a3ef7e7572b668bad10a,1,1,1,3,0
5f8c6946e2eecffeacff1250,0,1,1,2,1
5f8e21acedcf6933bd16a21c,0,0,0,0,3
5f8e21acedcf693bcb16a219,1,1,0,2,1
5fa3248aa4fd61d1bd5dfcbb,0,1,1,2,1
5fa325b3a4fd61058b5dfcd8,1,1,0,2,1
5fa325b3a4fd6153d45dfcde,1,1,1,3,0
5fa325b3a4fd615e6d5dfcdd,0,1,1,2,1
5fa329ada4fd613cf15dff75,1,1,1,3,0
5fa329ada4fd6152115dff74,0,0,0,0,3
5fa3e7000593f559fe50e818,0,0,0,0,3
5fa3e7000593f56bcb50e81a,1,1,1,3,0
5fa3e8050593f53dd650e854,0,1,1,2,1
5fa3e8050593f581c650e85b,1,1,1,3,0
5fa3ec9c1fe9dd67c8032fe9,1,1,1,3,0
5fa3ec9c1fe9ddeea9032feb,0,0,0,0,3
6057a619a1ce965f08cfabdd,1,0,1,2,1
6057a619a1ce9679bacfabdc,1,0,0,1,2
6057bb7aa1ce964ba1cfb2b8,0,1,1,2,1
6057c96bad0f886de8e18e0b,1,1,1,3,0
6057cfc95ca47c2910e754af,0,0,1,1,2
6057d1f55ca47ce1abe75595,0,0,0,0,3
6057da945ca47c011fe7593c,0,1,1,2,1
605a669c801a87656685e8de,0,0,0,0,3
605a669c801a8781d885e8da,0,1,1,2,1
605a73b1801a87456085efa1,1,0,0,1,2
605a73b1801a87d1f685efa0,1,1,1,3,0
605a7446801a87145785f008,1,1,1,3,0
605a814f7778e0b3e2ef85f6,1,1,1,3,0
605a814f7778e0ef06ef85f7,0,0,0,0,3
605a87ab6a9ea5debd079eef,0,0,0,0,3
